X,Y,FFMC,DMC,DC,ISI,temp,RH,wind,rain,log_area,temp_RH_ratio,drought_index,wind_ISI_impact,high_temp_risk,is_summer,month_apr,month_aug,month_dec,month_feb,month_jan,month_jul,month_jun,month_mar,month_may,month_nov,month_oct,month_sep,day_fri,day_mon,day_sat,day_sun,day_thu,day_tue,day_wed
7,5,86.2,26.2,94.3,5.1,8.2,51,6.7,0.0,0.0,0.1576923076923077,120.5,34.17,0,0,0,0,0,0,0,0,0,1,0,0,0,0,1,0,0,0,0,0,0
7,4,90.6,35.4,669.1,6.7,18.0,33,0.9,0.0,0.0,0.5294117647058824,704.5,6.03,0,0,0,0,0,0,0,0,0,0,0,0,1,0,0,0,0,0,0,1,0
7,4,90.6,43.7,686.9,6.7,14.6,33,1.3,0.0,0.0,0.4294117647058823,730.6,8.71,0,0,0,0,0,0,0,0,0,0,0,0,1,0,0,0,1,0,0,0,0
8,6,91.7,33.3,77.5,9.0,8.3,97,4.0,0.2,0.0,0.08469387755102041,110.8,36.0,0,0,0,0,0,0,0,0,0,1,0,0,0,0,1,0,0,0,0,0,0
8,6,89.3,51.3,102.2,9.6,11.4,99,1.8,0.0,0.0,0.114,153.5,17.28,0,0,0,0,0,0,0,0,0,1,0,0,0,0,0,0,0,1,0,0,0
8,6,92.3,85.3,488.0,14.7,22.2,29,5.4,0.0,0.0,0.74,573.3,79.38,0,1,0,1,0,0,0,0,0,0,0,0,0,0,0,0,0,1,0,0,0
8,6,92.3,88.9,495.6,8.5,24.1,27,3.1,0.0,0.0,0.8607142857142858,584.5,26.35,0,1,0,1,0,0,0,0,0,0,0,0,0,0,0,1,0,0,0,0,0
8,6,91.5,145.4,608.2,10.7,8.0,86,2.2,0.0,0.0,0.09195402298850575,753.6,23.54,0,1,0,1,0,0,0,0,0,0,0,0,0,0,0,1,0,0,0,0,0
8,6,91.0,129.5,692.6,7.0,13.1,63,5.4,0.0,0.0,0.2046875,822.1,37.800000000000004,0,1,0,0,0,0,0,0,0,0,0,0,0,1,0,0,0,0,0,1,0
7,5,92.5,88.0,698.6,7.1,22.8,40,4.0,0.0,0.0,0.5560975609756098,786.6,28.4,0,1,0,0,0,0,0,0,0,0,0,0,0,1,0,0,1,0,0,0,0
7,5,92.5,88.0,698.6,7.1,17.8,51,7.2,0.0,0.0,0.3423076923076923,786.6,51.12,0,1,0,0,0,0,0,0,0,0,0,0,0,1,0,0,1,0,0,0,0
7,5,92.8,73.2,713.0,22.6,19.3,38,4.0,0.0,0.0,0.4948717948717949,786.2,90.4,0,1,0,0,0,0,0,0,0,0,0,0,0,1,0,0,1,0,0,0,0
6,5,63.5,70.8,665.3,0.8,17.0,72,6.7,0.0,0.0,0.2328767123287671,736.0999999999999,5.36,0,1,0,1,0,0,0,0,0,0,0,0,0,0,1,0,0,0,0,0,0
6,5,90.9,126.5,686.5,7.0,21.3,42,2.2,0.0,0.0,0.49534883720930234,813.0,15.400000000000002,0,1,0,0,0,0,0,0,0,0,0,0,0,1,0,1,0,0,0,0,0
6,5,92.9,133.3,699.6,9.2,26.4,21,4.5,0.0,0.0,1.2,832.9000000000001,41.4,0,1,0,0,0,0,0,0,0,0,0,0,0,1,0,0,0,0,0,0,1
6,5,93.3,141.2,713.9,13.9,22.9,44,5.4,0.0,0.0,0.5088888888888888,855.0999999999999,75.06,0,1,0,0,0,0,0,0,0,0,0,0,0,1,1,0,0,0,0,0,0
5,5,91.7,35.8,80.8,7.8,15.1,27,5.4,0.0,0.0,0.5392857142857143,116.6,42.120000000000005,0,0,0,0,0,0,0,0,0,1,0,0,0,0,0,0,1,0,0,0,0
8,5,84.9,32.8,664.2,3.0,16.7,47,4.9,0.0,0.0,0.34791666666666665,697.0,14.700000000000001,0,0,0,0,0,0,0,0,0,0,0,0,1,0,0,1,0,0,0,0,0
6,4,89.2,27.9,70.8,6.3,15.9,35,4.0,0.0,0.0,0.44166666666666665,98.69999999999999,25.2,0,0,0,0,0,0,0,0,0,1,0,0,0,0,0,0,0,0,0,0,1
6,4,86.3,27.4,97.1,5.1,9.3,44,4.5,0.0,0.0,0.2066666666666667,124.5,22.95,0,0,1,0,0,0,0,0,0,0,0,0,0,0,0,0,1,0,0,0,0
6,4,91.0,129.5,692.6,7.0,18.3,40,2.7,0.0,0.0,0.44634146341463415,822.1,18.900000000000002,0,1,0,0,0,0,0,0,0,0,0,0,0,1,0,0,0,0,0,1,0
5,4,91.8,78.5,724.3,9.2,19.1,38,2.7,0.0,0.0,0.4897435897435898,802.8,24.84,0,1,0,0,0,0,0,0,0,0,0,0,0,1,0,1,0,0,0,0,0
7,4,94.3,96.3,200.0,56.1,21.0,44,4.5,0.0,0.0,0.4666666666666667,296.3,252.45000000000002,0,0,0,0,0,0,0,0,1,0,0,0,0,0,0,0,0,1,0,0,0
7,4,90.2,110.9,537.4,6.2,19.5,43,5.8,0.0,0.0,0.4431818181818182,648.3,35.96,0,1,0,1,0,0,0,0,0,0,0,0,0,0,0,0,1,0,0,0,0
7,4,93.5,139.4,594.2,20.3,23.7,32,5.8,0.0,0.0,0.7181818181818181,733.6,117.74,0,1,0,1,0,0,0,0,0,0,0,0,0,0,0,0,1,0,0,0,0
7,4,91.4,142.4,601.4,10.6,16.3,60,5.4,0.0,0.0,0.26721311475409837,743.8,57.24,0,1,0,1,0,0,0,0,0,0,0,0,0,0,0,0,0,1,0,0,0
7,4,92.4,117.9,668.0,12.2,19.0,34,5.8,0.0,0.0,0.5428571428571428,785.9,70.75999999999999,0,1,0,0,0,0,0,0,0,0,0,0,0,1,1,0,0,0,0,0,0
7,4,90.9,126.5,686.5,7.0,19.4,48,1.3,0.0,0.0,0.39591836734693875,813.0,9.1,0,1,0,0,0,0,0,0,0,0,0,0,0,1,0,1,0,0,0,0,0
6,3,93.4,145.4,721.4,8.1,30.2,24,2.7,0.0,0.0,1.208,866.8,21.87,1,1,0,0,0,0,0,0,0,0,0,0,0,1,0,0,1,0,0,0,0
6,3,93.5,149.3,728.6,8.1,22.8,39,3.6,0.0,0.0,0.5700000000000001,877.9000000000001,29.16,0,1,0,0,0,0,0,0,0,0,0,0,0,1,0,0,0,1,0,0,0
6,3,94.3,85.1,692.3,15.9,25.4,24,3.6,0.0,0.0,1.016,777.4,57.24,0,1,0,0,0,0,0,0,0,0,0,0,0,1,1,0,0,0,0,0,0
6,3,88.6,91.8,709.9,7.1,11.2,78,7.6,0.0,0.0,0.14177215189873416,801.6999999999999,53.959999999999994,0,1,0,0,0,0,0,0,0,0,0,0,0,1,0,1,0,0,0,0,0
6,3,88.6,69.7,706.8,5.8,20.6,37,1.8,0.0,0.0,0.5421052631578948,776.5,10.44,0,1,0,0,0,0,0,0,0,0,0,0,0,1,1,0,0,0,0,0,0
6,3,91.7,75.6,718.3,7.8,17.7,39,3.6,0.0,0.0,0.4425,793.9,28.08,0,1,0,0,0,0,0,0,0,0,0,0,0,1,0,0,0,1,0,0,0
6,3,91.8,78.5,724.3,9.2,21.2,32,2.7,0.0,0.0,0.6424242424242425,802.8,24.84,0,1,0,0,0,0,0,0,0,0,0,0,0,1,0,1,0,0,0,0,0
6,3,90.3,80.7,730.2,6.3,18.2,62,4.5,0.0,0.0,0.28888888888888886,810.9000000000001,28.349999999999998,0,1,0,0,0,0,0,0,0,0,0,0,0,1,0,0,0,0,0,1,0
6,3,90.6,35.4,669.1,6.7,21.7,24,4.5,0.0,0.0,0.868,704.5,30.150000000000002,0,0,0,0,0,0,0,0,0,0,0,0,1,0,0,0,0,0,0,1,0
7,4,90.0,41.5,682.6,8.7,11.3,60,5.4,0.0,0.0,0.18524590163934426,724.1,46.98,0,0,0,0,0,0,0,0,0,0,0,0,1,0,1,0,0,0,0,0,0
7,3,90.6,43.7,686.9,6.7,17.8,27,4.0,0.0,0.0,0.6357142857142858,730.6,26.8,0,0,0,0,0,0,0,0,0,0,0,0,1,0,0,0,1,0,0,0,0
4,4,88.1,25.7,67.6,3.8,14.1,43,2.7,0.0,0.0,0.32045454545454544,93.3,10.26,0,0,0,0,0,0,0,0,0,1,0,0,0,0,0,0,0,0,0,1,0
4,4,79.5,60.6,366.7,1.5,23.3,37,3.1,0.0,0.0,0.6131578947368421,427.3,4.65,0,0,0,0,0,0,0,1,0,0,0,0,0,0,0,0,0,0,0,1,0
4,4,90.2,96.9,624.2,8.9,18.4,42,6.7,0.0,0.0,0.42790697674418604,721.1,59.63,0,1,0,1,0,0,0,0,0,0,0,0,0,0,0,0,1,0,0,0,0
4,4,94.8,108.3,647.1,17.0,16.6,54,5.4,0.0,0.0,0.3018181818181818,755.4,91.80000000000001,0,1,0,1,0,0,0,0,0,0,0,0,0,0,0,0,0,0,0,1,0
4,4,92.5,88.0,698.6,7.1,19.6,48,2.7,0.0,0.0,0.4,786.6,19.17,0,1,0,0,0,0,0,0,0,0,0,0,0,1,0,0,1,0,0,0,0
4,4,90.1,82.9,735.7,6.2,12.9,74,4.9,0.0,0.0,0.17200000000000001,818.6,30.380000000000003,0,1,0,0,0,0,0,0,0,0,0,0,0,1,0,0,0,0,0,0,1
5,6,94.3,85.1,692.3,15.9,25.9,24,4.0,0.0,0.0,1.036,777.4,63.6,0,1,0,0,0,0,0,0,0,0,0,0,0,1,0,0,0,0,0,0,1
5,6,90.9,126.5,686.5,7.0,14.7,70,3.6,0.0,0.0,0.20704225352112676,813.0,25.2,0,1,0,0,0,0,0,0,0,0,0,0,0,1,0,1,0,0,0,0,0
6,6,94.2,62.3,442.9,11.0,23.0,36,3.1,0.0,0.0,0.6216216216216216,505.2,34.1,0,0,0,0,0,0,0,1,0,0,0,0,0,0,0,1,0,0,0,0,0
4,4,87.2,23.9,64.7,4.1,11.8,35,1.8,0.0,0.0,0.3277777777777778,88.6,7.38,0,0,0,0,0,0,0,0,0,1,0,0,0,0,0,1,0,0,0,0,0
4,4,87.6,52.2,103.8,5.0,11.0,46,5.8,0.0,0.0,0.23404255319148937,156.0,29.0,0,0,0,0,0,0,0,0,0,1,0,0,0,0,0,1,0,0,0,0,0
4,4,92.9,137.0,706.4,9.2,20.8,17,1.3,0.0,0.0,1.1555555555555557,843.4,11.959999999999999,0,1,0,0,0,0,0,0,0,0,0,0,0,1,0,0,0,0,1,0,0
4,3,90.2,99.6,631.2,6.3,21.5,34,2.2,0.0,0.0,0.6142857142857143,730.8000000000001,13.860000000000001,0,1,0,1,0,0,0,0,0,0,0,0,0,0,0,0,0,1,0,0,0
4,3,92.1,111.2,654.1,9.6,20.4,42,4.9,0.0,0.0,0.47441860465116276,765.3000000000001,47.04,0,1,0,1,0,0,0,0,0,0,0,0,0,0,0,0,0,0,0,0,1
4,3,92.1,111.2,654.1,9.6,20.4,42,4.9,0.0,0.0,0.47441860465116276,765.3000000000001,47.04,0,1,0,1,0,0,0,0,0,0,0,0,0,0,0,0,0,0,0,0,1
4,3,91.7,114.3,661.3,6.3,17.6,45,3.6,0.0,0.0,0.3826086956521739,775.5999999999999,22.68,0,1,0,1,0,0,0,0,0,0,0,0,0,0,0,0,0,0,1,0,0
4,3,92.9,137.0,706.4,9.2,27.7,24,2.2,0.0,0.0,1.1079999999999999,843.4,20.24,0,1,0,0,0,0,0,0,0,0,0,0,0,1,0,0,0,0,1,0,0
4,3,90.3,80.7,730.2,6.3,17.8,63,4.9,0.0,0.0,0.278125,810.9000000000001,30.87,0,1,0,0,0,0,0,0,0,0,0,0,0,1,0,0,0,0,0,1,0
4,3,92.6,46.5,691.8,8.8,13.8,50,2.7,0.0,0.0,0.2705882352941177,738.3,23.760000000000005,0,0,0,0,0,0,0,0,0,0,0,0,1,0,0,0,0,1,0,0,0
2,2,84.0,9.3,34.0,2.1,13.9,40,5.4,0.0,0.0,0.33902439024390246,43.3,11.340000000000002,0,0,0,0,0,1,0,0,0,0,0,0,0,0,0,1,0,0,0,0,0
2,2,86.6,13.2,43.0,5.3,12.3,51,0.9,0.0,0.0,0.23653846153846156,56.2,4.77,0,0,0,0,0,1,0,0,0,0,0,0,0,0,1,0,0,0,0,0,0
2,2,89.3,51.3,102.2,9.6,11.5,39,5.8,0.0,0.0,0.2875,153.5,55.68,0,0,0,0,0,0,0,0,0,1,0,0,0,0,0,0,0,1,0,0,0
2,2,89.3,51.3,102.2,9.6,5.5,59,6.3,0.0,0.0,0.09166666666666666,153.5,60.48,0,0,0,0,0,0,0,0,0,1,0,0,0,0,0,0,0,1,0,0,0
2,2,93.0,75.3,466.6,7.7,18.8,35,4.9,0.0,0.0,0.5222222222222223,541.9,37.730000000000004,0,1,0,1,0,0,0,0,0,0,0,0,0,0,0,0,0,0,1,0,0
2,2,90.2,99.6,631.2,6.3,20.8,33,2.7,0.0,0.0,0.611764705882353,730.8000000000001,17.01,0,1,0,1,0,0,0,0,0,0,0,0,0,0,0,0,0,1,0,0,0
2,2,91.1,103.2,638.8,5.8,23.1,31,3.1,0.0,0.0,0.721875,742.0,17.98,0,1,0,1,0,0,0,0,0,0,0,0,0,0,0,1,0,0,0,0,0
2,2,91.7,114.3,661.3,6.3,18.6,44,4.5,0.0,0.0,0.4133333333333334,775.5999999999999,28.349999999999998,0,1,0,1,0,0,0,0,0,0,0,0,0,0,0,0,0,0,1,0,0
2,2,92.4,117.9,668.0,12.2,23.0,37,4.5,0.0,0.0,0.6052631578947368,785.9,54.9,0,1,0,0,0,0,0,0,0,0,0,0,0,1,1,0,0,0,0,0,0
2,2,92.4,117.9,668.0,12.2,19.6,33,5.4,0.0,0.0,0.5764705882352942,785.9,65.88,0,1,0,0,0,0,0,0,0,0,0,0,0,1,1,0,0,0,0,0,0
2,2,92.4,117.9,668.0,12.2,19.6,33,6.3,0.0,0.0,0.5764705882352942,785.9,76.86,0,1,0,0,0,0,0,0,0,0,0,0,0,1,1,0,0,0,0,0,0
4,5,91.7,33.3,77.5,9.0,17.2,26,4.5,0.0,0.0,0.637037037037037,110.8,40.5,0,0,0,0,0,0,0,0,0,1,0,0,0,0,1,0,0,0,0,0,0
4,5,91.2,48.3,97.8,12.5,15.8,27,7.6,0.0,0.0,0.5642857142857143,146.1,95.0,0,0,0,0,0,0,0,0,0,1,0,0,0,0,1,0,0,0,0,0,0
4,5,94.3,85.1,692.3,15.9,17.7,37,3.6,0.0,0.0,0.46578947368421053,777.4,57.24,0,1,0,0,0,0,0,0,0,0,0,0,0,1,1,0,0,0,0,0,0
5,4,91.7,33.3,77.5,9.0,15.6,25,6.3,0.0,0.0,0.6,110.8,56.699999999999996,0,0,0,0,0,0,0,0,0,1,0,0,0,0,1,0,0,0,0,0,0
5,4,88.8,147.3,614.5,9.0,17.3,43,4.5,0.0,0.0,0.3931818181818182,761.8,40.5,0,1,0,1,0,0,0,0,0,0,0,0,0,0,0,0,0,0,0,1,0
5,4,93.3,141.2,713.9,13.9,27.6,30,1.3,0.0,0.0,0.8903225806451613,855.0999999999999,18.07,0,1,0,0,0,0,0,0,0,0,0,0,0,1,1,0,0,0,0,0,0
9,9,84.2,6.8,26.6,7.7,6.7,79,3.1,0.0,0.0,0.08375,33.4,23.87,0,0,0,0,0,1,0,0,0,0,0,0,0,0,0,0,0,0,1,0,0
9,9,86.6,13.2,43.0,5.3,15.7,43,3.1,0.0,0.0,0.3568181818181818,56.2,16.43,0,0,0,0,0,1,0,0,0,0,0,0,0,0,1,0,0,0,0,0,0
1,3,87.6,52.2,103.8,5.0,8.3,72,3.1,0.0,0.0,0.1136986301369863,156.0,15.5,0,0,0,0,0,0,0,0,0,1,0,0,0,0,0,1,0,0,0,0,0
1,2,90.1,108.0,529.8,12.5,14.7,66,2.7,0.0,0.0,0.21940298507462686,637.8,33.75,0,1,0,1,0,0,0,0,0,0,0,0,0,0,1,0,0,0,0,0,0
1,2,91.0,121.2,561.6,7.0,21.6,19,6.7,0.0,0.0,1.08,682.8000000000001,46.9,0,1,0,1,0,0,0,0,0,0,0,0,0,0,0,0,0,0,0,1,0
1,2,91.4,142.4,601.4,10.6,19.5,39,6.3,0.0,0.0,0.4875,743.8,66.78,0,1,0,1,0,0,0,0,0,0,0,0,0,0,0,0,0,1,0,0,0
1,2,90.2,99.6,631.2,6.3,17.9,44,2.2,0.0,0.0,0.39777777777777773,730.8000000000001,13.860000000000001,0,1,0,1,0,0,0,0,0,0,0,0,0,0,0,0,0,1,0,0,0
1,2,94.8,108.3,647.1,17.0,18.6,51,4.5,0.0,0.0,0.3576923076923077,755.4,76.5,0,1,0,1,0,0,0,0,0,0,0,0,0,0,0,0,0,0,0,1,0
1,2,92.1,111.2,654.1,9.6,16.6,47,0.9,0.0,0.0,0.3458333333333334,765.3000000000001,8.64,0,1,0,1,0,0,0,0,0,0,0,0,0,0,0,0,0,0,0,0,1
1,2,91.7,114.3,661.3,6.3,20.2,45,3.6,0.0,0.0,0.43913043478260866,775.5999999999999,22.68,0,1,0,1,0,0,0,0,0,0,0,0,0,0,0,0,0,0,1,0,0
1,2,92.9,137.0,706.4,9.2,21.5,15,0.9,0.0,0.0,1.34375,843.4,8.28,0,1,0,0,0,0,0,0,0,0,0,0,0,1,0,0,0,0,1,0,0
1,2,92.9,137.0,706.4,9.2,25.4,27,2.2,0.0,0.0,0.9071428571428571,843.4,20.24,0,1,0,0,0,0,0,0,0,0,0,0,0,1,0,0,0,0,1,0,0
1,2,92.9,137.0,706.4,9.2,22.4,34,2.2,0.0,0.0,0.64,843.4,20.24,0,1,0,0,0,0,0,0,0,0,0,0,0,1,0,0,0,0,1,0,0
1,2,93.5,149.3,728.6,8.1,25.3,36,3.6,0.0,0.0,0.6837837837837838,877.9000000000001,29.16,0,1,0,0,0,0,0,0,0,0,0,0,0,1,0,0,0,1,0,0,0
6,5,91.7,35.8,80.8,7.8,17.4,25,4.9,0.0,0.0,0.6692307692307692,116.6,38.22,0,0,0,0,0,0,0,0,0,1,0,0,0,0,0,0,1,0,0,0,0
6,5,90.2,96.9,624.2,8.9,14.7,59,5.8,0.0,0.0,0.245,721.1,51.62,0,1,0,1,0,0,0,0,0,0,0,0,0,0,0,0,1,0,0,0,0
8,6,91.7,35.8,80.8,7.8,17.4,24,5.4,0.0,0.0,0.696,116.6,42.120000000000005,0,0,0,0,0,0,0,0,0,1,0,0,0,0,1,0,0,0,0,0,0
8,6,92.3,85.3,488.0,14.7,20.8,32,6.3,0.0,0.0,0.6303030303030304,573.3,92.61,0,1,0,1,0,0,0,0,0,0,0,0,0,0,0,0,0,1,0,0,0
8,6,91.4,142.4,601.4,10.6,18.2,43,4.9,0.0,0.0,0.41363636363636364,743.8,51.940000000000005,0,1,0,1,0,0,0,0,0,0,0,0,0,0,0,0,0,1,0,0,0
8,6,91.1,103.2,638.8,5.8,23.4,22,2.7,0.0,0.0,1.017391304347826,742.0,15.66,0,1,0,1,0,0,0,0,0,0,0,0,0,0,0,1,0,0,0,0,0
4,4,89.7,90.0,704.4,4.8,17.8,64,1.3,0.0,0.0,0.27384615384615385,794.4,6.24,0,1,0,0,0,0,0,0,0,0,0,0,0,1,0,0,0,1,0,0,0
3,4,83.9,8.0,30.2,2.6,12.7,48,1.8,0.0,0.0,0.25918367346938775,38.2,4.680000000000001,0,0,0,0,0,1,0,0,0,0,0,0,0,0,0,0,1,0,0,0,0
3,4,69.0,2.4,15.5,0.7,17.4,24,5.4,0.0,0.0,0.696,17.9,3.78,0,0,0,0,0,0,0,0,0,1,0,0,0,0,0,0,1,0,0,0,0
3,4,91.4,142.4,601.4,10.6,11.6,87,4.5,0.0,0.0,0.1318181818181818,743.8,47.699999999999996,0,1,0,1,0,0,0,0,0,0,0,0,0,0,0,0,0,1,0,0,0
3,4,91.4,142.4,601.4,10.6,19.8,39,5.4,0.0,0.0,0.495,743.8,57.24,0,1,0,1,0,0,0,0,0,0,0,0,0,0,0,0,0,1,0,0,0
3,4,91.4,142.4,601.4,10.6,19.8,39,5.4,0.0,0.0,0.495,743.8,57.24,0,1,0,1,0,0,0,0,0,0,0,0,0,0,0,0,0,1,0,0,0
3,4,88.8,147.3,614.5,9.0,14.4,66,5.4,0.0,0.0,0.21492537313432836,761.8,48.6,0,1,0,1,0,0,0,0,0,0,0,0,0,0,0,0,0,0,0,1,0
2,4,94.8,108.3,647.1,17.0,20.1,40,4.0,0.0,0.0,0.49024390243902444,755.4,68.0,0,1,0,1,0,0,0,0,0,0,0,0,0,0,0,0,0,0,0,1,0
2,4,92.5,121.1,674.4,8.6,24.1,29,4.5,0.0,0.0,0.8033333333333333,795.5,38.699999999999996,0,1,0,0,0,0,0,0,0,0,0,0,0,1,0,0,1,0,0,0,0
2,4,82.1,3.7,9.3,2.9,5.3,78,3.1,0.0,0.0,0.0670886075949367,13.0,8.99,0,0,0,0,0,0,1,0,0,0,0,0,0,0,0,0,1,0,0,0,0
4,5,85.9,19.5,57.3,2.8,12.7,52,6.3,0.0,0.0,0.23962264150943394,76.8,17.639999999999997,0,0,0,0,0,0,0,0,0,1,0,0,0,0,1,0,0,0,0,0,0
4,5,91.4,30.7,74.3,7.5,18.2,29,3.1,0.0,0.0,0.6066666666666667,105.0,23.25,0,0,0,0,0,0,0,0,0,1,0,0,0,0,0,0,0,0,1,0,0
4,5,90.2,99.6,631.2,6.3,21.4,33,3.1,0.0,0.0,0.6294117647058823,730.8000000000001,19.53,0,1,0,1,0,0,0,0,0,0,0,0,0,0,0,0,0,1,0,0,0
4,5,92.5,88.0,698.6,7.1,20.3,45,3.1,0.0,0.0,0.44130434782608696,786.6,22.009999999999998,0,1,0,0,0,0,0,0,0,0,0,0,0,1,0,0,1,0,0,0,0
4,5,88.6,91.8,709.9,7.1,17.4,56,5.4,0.0,0.0,0.3052631578947368,801.6999999999999,38.34,0,1,0,0,0,0,0,0,0,0,0,0,0,1,0,1,0,0,0,0,0
4,4,85.9,19.5,57.3,2.8,13.7,43,5.8,0.0,0.0,0.31136363636363634,76.8,16.24,0,0,0,0,0,0,0,0,0,1,0,0,0,0,1,0,0,0,0,0,0
3,4,91.7,33.3,77.5,9.0,18.8,18,4.5,0.0,0.0,0.9894736842105264,110.8,40.5,0,0,0,0,0,0,0,0,0,1,0,0,0,0,1,0,0,0,0,0,0
3,4,89.7,90.0,704.4,4.8,22.8,39,3.6,0.0,0.0,0.5700000000000001,794.4,17.28,0,1,0,0,0,0,0,0,0,0,0,0,0,1,0,0,0,1,0,0,0
3,4,91.8,78.5,724.3,9.2,18.9,35,2.7,0.0,0.0,0.5249999999999999,802.8,24.84,0,1,0,0,0,0,0,0,0,0,0,0,0,1,0,1,0,0,0,0,0
3,4,88.1,25.7,67.6,3.8,15.8,27,7.6,0.0,0.0,0.5642857142857143,93.3,28.88,0,0,0,0,0,0,0,0,0,1,0,0,0,0,0,0,0,0,0,1,0
3,5,88.1,25.7,67.6,3.8,15.5,27,6.3,0.0,0.0,0.5535714285714286,93.3,23.939999999999998,0,0,0,0,0,0,0,0,0,1,0,0,0,0,0,0,0,0,0,1,0
3,4,91.7,35.8,80.8,7.8,11.6,30,6.3,0.0,0.0,0.3741935483870968,116.6,49.14,0,0,0,0,0,0,0,0,0,1,0,0,0,0,0,0,1,0,0,0,0
3,4,91.7,35.8,80.8,7.8,15.2,27,4.9,0.0,0.0,0.5428571428571428,116.6,38.22,0,0,0,0,0,0,0,0,0,1,0,0,0,0,0,0,1,0,0,0,0
3,4,90.1,39.7,86.6,6.2,10.6,30,4.0,0.0,0.0,0.3419354838709677,126.3,24.8,0,0,0,0,0,0,0,0,0,1,0,0,0,0,0,1,0,0,0,0,0
3,4,93.0,75.3,466.6,7.7,19.6,36,3.1,0.0,0.0,0.5297297297297298,541.9,23.87,0,1,0,1,0,0,0,0,0,0,0,0,0,0,0,0,0,0,1,0,0
3,4,91.5,145.4,608.2,10.7,10.3,74,2.2,0.0,0.0,0.13733333333333334,753.6,23.54,0,1,0,1,0,0,0,0,0,0,0,0,0,0,0,1,0,0,0,0,0
3,4,91.5,145.4,608.2,10.7,17.1,43,5.4,0.0,0.0,0.38863636363636367,753.6,57.78,0,1,0,1,0,0,0,0,0,0,0,0,0,0,0,1,0,0,0,0,0
3,4,92.4,124.1,680.7,8.5,22.5,42,5.4,0.0,0.0,0.5232558139534884,804.8000000000001,45.900000000000006,0,1,0,0,0,0,0,0,0,0,0,0,0,1,0,0,0,1,0,0,0
3,4,84.4,73.4,671.9,3.2,17.9,45,3.1,0.0,0.0,0.38913043478260867,745.3,9.920000000000002,0,1,0,0,0,0,0,0,0,0,0,0,0,1,0,0,0,0,0,1,0
3,4,94.3,85.1,692.3,15.9,19.8,50,5.4,0.0,0.0,0.38823529411764707,777.4,85.86000000000001,0,1,0,0,0,0,0,0,0,0,0,0,0,1,1,0,0,0,0,0,0
3,4,92.6,46.5,691.8,8.8,20.6,24,5.4,0.0,0.0,0.8240000000000001,738.3,47.52000000000001,0,0,0,0,0,0,0,0,0,0,0,0,1,0,0,0,0,1,0,0,0
3,5,87.6,52.2,103.8,5.0,9.0,49,2.2,0.0,0.0,0.18,156.0,11.0,0,0,0,0,0,0,0,0,0,1,0,0,0,0,0,1,0,0,0,0,0
3,5,93.5,149.3,728.6,8.1,17.2,43,3.1,0.0,0.0,0.3909090909090909,877.9000000000001,25.11,0,1,0,0,0,0,0,0,0,0,0,0,0,1,1,0,0,0,0,0,0
3,5,91.4,37.9,673.8,5.2,15.9,46,3.6,0.0,0.0,0.3382978723404255,711.6999999999999,18.720000000000002,0,0,0,0,0,0,0,0,0,0,0,0,1,0,0,0,0,0,0,0,1
2,5,92.6,46.5,691.8,8.8,15.4,35,0.9,0.0,0.0,0.4277777777777778,738.3,7.920000000000001,0,0,0,0,0,0,0,0,0,0,0,0,1,0,0,0,0,1,0,0,0
4,6,68.2,21.5,87.2,0.8,15.4,40,2.7,0.0,0.0,0.375609756097561,108.7,2.16,0,0,0,0,0,1,0,0,0,0,0,0,0,0,0,0,1,0,0,0,0
4,6,87.2,23.9,64.7,4.1,14.0,39,3.1,0.0,0.0,0.35,88.6,12.709999999999999,0,0,0,0,0,0,0,0,0,1,0,0,0,0,0,1,0,0,0,0,0
4,6,89.3,51.3,102.2,9.6,10.6,46,4.9,0.0,0.0,0.225531914893617,153.5,47.04,0,0,0,0,0,0,0,0,0,1,0,0,0,0,0,0,0,1,0,0,0
4,6,93.7,80.9,685.2,17.9,17.6,42,3.1,0.0,0.0,0.4093023255813954,766.1,55.489999999999995,0,1,0,0,0,0,0,0,0,0,0,0,0,1,0,0,0,0,1,0,0
3,5,88.1,25.7,67.6,3.8,14.9,38,2.7,0.0,0.0,0.3820512820512821,93.3,10.26,0,0,0,0,0,0,0,0,0,1,0,0,0,0,0,0,0,0,0,1,0
3,5,93.5,139.4,594.2,20.3,17.6,52,5.8,0.0,0.0,0.33207547169811324,733.6,117.74,0,1,0,1,0,0,0,0,0,0,0,0,0,0,0,0,1,0,0,0,0
3,6,92.4,124.1,680.7,8.5,17.2,58,1.3,0.0,0.0,0.29152542372881357,804.8000000000001,11.05,0,1,0,0,0,0,0,0,0,0,0,0,0,1,0,0,0,1,0,0,0
3,6,90.9,126.5,686.5,7.0,15.6,66,3.1,0.0,0.0,0.23283582089552238,813.0,21.7,0,1,0,0,0,0,0,0,0,0,0,0,0,1,0,1,0,0,0,0,0
9,9,85.8,48.3,313.4,3.9,18.0,42,2.7,0.0,0.3074846997479606,0.4186046511627907,361.7,10.530000000000001,0,0,0,0,0,0,0,1,0,0,0,0,0,0,0,0,0,0,0,1,0
1,4,91.0,129.5,692.6,7.0,21.7,38,2.2,0.0,0.35767444427181594,0.5564102564102564,822.1,15.400000000000002,0,1,0,0,0,0,0,0,0,0,0,0,0,1,0,0,0,0,0,1,0
2,5,90.9,126.5,686.5,7.0,21.9,39,1.8,0.0,0.3852624007906449,0.5475,813.0,12.6,0,1,0,0,0,0,0,0,0,0,0,0,0,1,0,1,0,0,0,0,0
1,2,95.5,99.9,513.3,13.2,23.3,31,4.5,0.0,0.4382549309311553,0.728125,613.1999999999999,59.4,0,1,0,1,0,0,0,0,0,0,0,0,0,0,0,0,0,0,0,0,1
8,6,90.1,108.0,529.8,12.5,21.2,51,8.9,0.0,0.4762341789963716,0.4076923076923077,637.8,111.25,0,1,0,1,0,0,0,0,0,0,0,0,0,0,1,0,0,0,0,0,0
1,2,90.0,51.3,296.3,8.7,16.6,53,5.4,0.0,0.5364933705145685,0.3074074074074074,347.6,46.98,0,0,0,0,0,0,0,1,0,0,0,0,0,0,0,0,1,0,0,0,0
2,5,95.5,99.9,513.3,13.2,23.8,32,5.4,0.0,0.5709795465857378,0.7212121212121212,613.1999999999999,71.28,0,1,0,1,0,0,0,0,0,0,0,0,0,0,0,0,0,0,0,0,1
6,5,95.2,131.7,578.8,10.4,27.4,22,4.0,0.0,0.6418538861723948,1.191304347826087,710.5,41.6,0,1,0,1,0,0,0,0,0,0,0,0,0,0,0,0,0,0,1,0,0
5,4,90.1,39.7,86.6,6.2,13.2,40,5.4,0.0,0.6678293725756554,0.32195121951219513,126.3,33.480000000000004,0,0,0,0,0,0,0,0,0,1,0,0,0,0,0,1,0,0,0,0,0
8,3,84.4,73.4,671.9,3.2,24.2,28,3.6,0.0,0.6729444732424258,0.8344827586206897,745.3,11.520000000000001,0,1,0,0,0,0,0,0,0,0,0,0,0,1,0,0,0,0,0,1,0
2,2,94.8,108.3,647.1,17.0,17.4,43,6.7,0.0,0.7275486072772778,0.39545454545454545,755.4,113.9,0,1,0,1,0,0,0,0,0,0,0,0,0,0,0,0,0,0,0,1,0
8,6,93.7,80.9,685.2,17.9,23.7,25,4.5,0.0,0.7514160886839212,0.9115384615384615,766.1,80.55,0,1,0,0,0,0,0,0,0,0,0,0,0,1,0,0,0,0,1,0,0
6,5,92.5,56.4,433.3,7.1,23.2,39,5.4,0.0,0.7839015438284094,0.58,489.7,38.34,0,0,0,0,0,0,0,0,1,0,0,0,0,0,1,0,0,0,0,0,0
9,9,90.1,68.6,355.2,7.2,24.8,29,2.2,0.0,0.8586616190375187,0.8266666666666667,423.79999999999995,15.840000000000002,0,0,0,0,0,0,0,1,0,0,0,0,0,0,0,0,0,1,0,0,0
3,4,90.1,51.2,424.1,6.2,24.6,43,1.8,0.0,0.8878912573524571,0.5590909090909091,475.3,11.16,0,0,0,0,0,0,0,1,0,0,0,0,0,0,0,0,1,0,0,0,0
5,4,94.3,85.1,692.3,15.9,20.1,47,4.9,0.0,0.9001613499442714,0.41875,777.4,77.91000000000001,0,1,0,0,0,0,0,0,0,0,0,0,0,1,1,0,0,0,0,0,0
1,5,93.4,145.4,721.4,8.1,29.6,27,2.7,0.0,0.9001613499442714,1.0571428571428572,866.8,21.87,0,1,0,0,0,0,0,0,0,0,0,0,0,1,0,0,1,0,0,0,0
7,4,94.8,108.3,647.1,17.0,16.4,47,1.3,0.0,0.9400072584914712,0.3416666666666666,755.4,22.1,0,1,0,1,0,0,0,0,0,0,0,0,0,0,0,0,0,1,0,0,0
2,4,93.4,145.4,721.4,8.1,28.6,27,2.2,0.0,0.959350221334602,1.0214285714285716,866.8,17.82,0,1,0,0,0,0,0,0,0,0,0,0,0,1,0,0,1,0,0,0,0
2,2,92.1,111.2,654.1,9.6,18.4,45,3.6,0.0,0.9669838461896731,0.39999999999999997,765.3000000000001,34.56,0,1,0,1,0,0,0,0,0,0,0,0,0,0,0,0,0,0,0,0,1
2,4,92.1,111.2,654.1,9.6,20.5,35,4.0,0.0,0.9707789171582248,0.5694444444444444,765.3000000000001,38.4,0,1,0,1,0,0,0,0,0,0,0,0,0,0,0,0,0,0,0,0,1
7,4,92.4,117.9,668.0,12.2,19.0,34,5.8,0.0,0.9895411936137477,0.5428571428571428,785.9,70.75999999999999,0,1,0,0,0,0,0,0,0,0,0,0,0,1,1,0,0,0,0,0,0
7,4,90.1,39.7,86.6,6.2,16.1,29,3.1,0.0,1.0116009116784799,0.5366666666666667,126.3,19.220000000000002,0,0,0,0,0,0,0,0,0,1,0,0,0,0,0,1,0,0,0,0,0
6,4,95.2,131.7,578.8,10.4,20.3,41,4.0,0.0,1.0647107369924282,0.48333333333333334,710.5,41.6,0,1,0,1,0,0,0,0,0,0,0,0,0,0,0,0,0,0,1,0,0
6,3,90.6,50.1,100.4,7.8,15.2,31,8.5,0.0,1.0784095813505903,0.475,150.5,66.3,0,0,0,0,0,0,0,0,0,1,0,0,0,0,0,0,1,0,0,0,0
8,6,92.5,121.1,674.4,8.6,17.8,56,1.8,0.0,1.0818051703517284,0.312280701754386,795.5,15.48,0,1,0,0,0,0,0,0,0,0,0,0,0,1,0,0,1,0,0,0,0
8,5,89.7,90.0,704.4,4.8,17.8,67,2.2,0.0,1.1019400787607843,0.26176470588235295,794.4,10.56,0,1,0,0,0,0,0,0,0,0,0,0,0,1,0,0,0,1,0,0,0
6,5,84.9,18.2,55.0,3.0,5.3,70,4.5,0.0,1.144222799920162,0.07464788732394366,73.2,13.5,0,0,0,0,0,0,0,0,0,1,0,0,0,0,0,0,0,0,1,0,0
6,5,92.1,111.2,654.1,9.6,16.6,47,0.9,0.0,1.1908875647772805,0.3458333333333334,765.3000000000001,8.64,0,1,0,1,0,0,0,0,0,0,0,0,0,0,0,0,0,0,0,0,1
6,5,96.0,127.1,570.5,16.5,23.4,33,4.5,0.0,1.2556160374777743,0.6882352941176471,697.6,74.25,0,1,0,1,0,0,0,0,0,0,0,0,0,0,0,0,0,0,0,0,1
6,5,91.2,48.3,97.8,12.5,14.6,26,9.4,0.0,1.2612978709452054,0.5407407407407407,146.1,117.5,0,0,0,0,0,0,0,0,0,1,0,0,0,0,1,0,0,0,0,0,0
8,6,95.2,131.7,578.8,10.4,20.7,45,2.2,0.0,1.2669476034873244,0.45,710.5,22.880000000000003,0,1,0,1,0,0,0,0,0,0,0,0,0,0,0,0,0,0,1,0,0
5,4,92.9,133.3,699.6,9.2,21.9,35,1.8,0.0,1.2725655957915476,0.6083333333333333,832.9000000000001,16.56,0,1,0,0,0,0,0,0,0,0,0,0,0,1,0,0,0,0,0,0,1
8,6,85.6,90.4,609.6,6.6,17.4,50,4.0,0.0,1.3056264580524357,0.34117647058823525,700.0,26.4,0,1,0,1,0,0,0,0,0,0,0,0,0,0,0,0,0,0,0,0,1
7,4,91.4,142.4,601.4,10.6,20.1,39,5.4,0.0,1.3190856114264407,0.5025000000000001,743.8,57.24,0,1,0,1,0,0,0,0,0,0,0,0,0,0,0,0,0,1,0,0,0
4,4,90.9,126.5,686.5,7.0,17.7,39,2.2,0.0,1.4036429994545037,0.4425,813.0,15.400000000000002,0,1,0,0,0,0,0,0,0,0,0,0,0,1,0,1,0,0,0,0,0
1,4,90.2,96.9,624.2,8.9,14.2,53,1.8,0.0,1.5040773967762742,0.26296296296296295,721.1,16.02,0,1,0,1,0,0,0,0,0,0,0,0,0,0,0,0,1,0,0,0,0
1,4,90.2,96.9,624.2,8.9,20.3,39,4.9,0.0,1.7101878155342434,0.5075000000000001,721.1,43.61000000000001,0,1,0,1,0,0,0,0,0,0,0,0,0,0,0,0,1,0,0,0,0
6,5,81.5,9.1,55.2,2.7,5.8,54,5.8,0.0,1.724550719534605,0.10545454545454545,64.3,15.66,0,0,1,0,0,0,0,0,0,0,0,0,0,0,0,0,0,0,1,0,0
2,5,90.2,99.6,631.2,6.3,19.2,44,2.7,0.0,1.7387102481382397,0.42666666666666664,730.8000000000001,17.01,0,1,0,1,0,0,0,0,0,0,0,0,0,0,0,0,0,1,0,0,0
2,5,90.1,82.9,735.7,6.2,18.3,45,2.2,0.0,1.7715567619105355,0.3978260869565218,818.6,13.640000000000002,0,1,0,0,0,0,0,0,0,0,0,0,0,1,0,0,0,0,0,0,1
8,6,88.8,147.3,614.5,9.0,14.4,66,5.4,0.0,1.8293763327993617,0.21492537313432836,761.8,48.6,0,1,0,1,0,0,0,0,0,0,0,0,0,0,0,0,0,0,0,1,0
1,3,92.4,124.1,680.7,8.5,23.9,32,6.7,0.0,1.8453002361560848,0.7242424242424242,804.8000000000001,56.95,0,1,0,0,0,0,0,0,0,0,0,0,0,1,0,0,0,1,0,0,0
8,6,84.9,32.8,664.2,3.0,19.1,32,4.0,0.0,1.8625285401162623,0.5787878787878789,697.0,12.0,0,0,0,0,0,0,0,0,0,0,0,0,1,0,0,1,0,0,0,0,0
5,4,86.8,15.6,48.3,3.9,12.4,53,2.2,0.0,1.998773638612381,0.22962962962962963,63.9,8.58,0,0,0,0,0,1,0,0,0,0,0,0,0,0,0,0,0,1,0,0,0
7,4,91.7,48.5,696.1,11.1,16.8,45,4.5,0.0,2.057962510002712,0.3652173913043478,744.6,49.949999999999996,0,0,0,0,0,0,0,0,0,0,0,0,1,0,0,1,0,0,0,0,0
8,6,93.9,135.7,586.7,15.1,20.8,34,4.9,0.0,2.0744289998562917,0.5942857142857143,722.4000000000001,73.99000000000001,0,1,0,1,0,0,0,0,0,0,0,0,0,0,1,0,0,0,0,0,0
2,5,91.0,129.5,692.6,7.0,17.6,46,3.1,0.0,2.0844290831908747,0.374468085106383,822.1,21.7,0,1,0,0,0,0,0,0,0,0,0,0,0,1,0,0,0,0,0,1,0
8,6,89.3,51.3,102.2,9.6,11.5,39,5.8,0.0,2.1029138978649784,0.2875,153.5,55.68,0,0,0,0,0,0,0,0,0,1,0,0,0,0,0,0,0,1,0,0,0
1,5,90.9,126.5,686.5,7.0,21.0,42,2.2,0.0,2.1162555148025524,0.4883720930232558,813.0,15.400000000000002,0,1,0,0,0,0,0,0,0,0,0,0,0,1,0,1,0,0,0,0,0
6,4,90.8,41.9,89.4,7.9,13.3,42,0.9,0.0,2.128231705849268,0.30930232558139537,131.3,7.11,0,0,0,0,0,0,0,0,0,1,0,0,0,0,0,0,1,0,0,0,0
7,4,90.7,44.0,92.4,5.5,11.5,60,4.0,0.0,2.2235418856535927,0.1885245901639344,136.4,22.0,0,0,0,0,0,0,0,0,0,1,0,0,0,0,0,0,0,1,0,0,0
6,5,91.2,48.3,97.8,12.5,11.7,33,4.0,0.0,2.231089091288976,0.34411764705882353,146.1,50.0,0,0,0,0,0,0,0,0,0,1,0,0,0,0,1,0,0,0,0,0,0
2,5,95.2,131.7,578.8,10.4,24.2,28,2.7,0.0,2.2700619012884857,0.8344827586206897,710.5,28.080000000000002,0,1,0,1,0,0,0,0,0,0,0,0,0,0,0,0,0,0,1,0,0
2,2,94.8,108.3,647.1,17.0,24.6,22,4.5,0.0,2.2731562823032334,1.0695652173913044,755.4,76.5,0,1,0,1,0,0,0,0,0,0,0,0,0,0,0,0,0,0,0,1,0
4,5,92.9,133.3,699.6,9.2,24.3,25,4.0,0.0,2.3427668826268775,0.9346153846153846,832.9000000000001,36.8,0,1,0,0,0,0,0,0,0,0,0,0,0,1,0,0,0,0,0,0,1
2,2,94.8,108.3,647.1,17.0,24.6,22,4.5,0.0,2.3988039507345884,1.0695652173913044,755.4,76.5,0,1,0,1,0,0,0,0,0,0,0,0,0,0,0,0,0,0,0,1,0
2,5,93.9,135.7,586.7,15.1,23.5,36,5.4,0.0,2.3997118037247684,0.6351351351351351,722.4000000000001,81.54,0,1,0,1,0,0,0,0,0,0,0,0,0,0,1,0,0,0,0,0,0
6,5,81.5,9.1,55.2,2.7,5.8,54,5.8,0.0,2.4790562361098245,0.10545454545454545,64.3,15.66,0,0,1,0,0,0,0,0,0,0,0,0,0,0,0,0,0,0,1,0,0
4,5,92.9,137.0,706.4,9.2,21.5,15,0.9,0.0,2.4898941912990393,1.34375,843.4,8.28,0,1,0,0,0,0,0,0,0,0,0,0,0,1,0,0,0,0,1,0,0
3,4,91.0,129.5,692.6,7.0,13.9,59,6.3,0.0,2.50470927708418,0.23166666666666666,822.1,44.1,0,1,0,0,0,0,0,0,0,0,0,0,0,1,0,0,0,0,0,1,0
2,4,63.5,70.8,665.3,0.8,22.6,38,3.6,0.0,2.511223958105374,0.5794871794871795,736.0999999999999,2.8800000000000003,0,1,0,0,0,0,0,0,0,0,0,0,0,1,0,1,0,0,0,0,0
1,5,91.0,129.5,692.6,7.0,21.6,33,2.2,0.0,2.528125768907977,0.6352941176470589,822.1,15.400000000000002,0,1,0,0,0,0,0,0,0,0,0,0,0,1,0,0,0,0,0,1,0
6,5,90.1,37.6,83.7,7.2,12.4,54,3.6,0.0,2.5726122302071057,0.22545454545454546,121.30000000000001,25.92,0,0,0,0,0,0,0,0,0,1,0,0,0,0,0,0,0,1,0,0,0
7,4,83.9,8.7,32.1,2.1,8.8,68,2.2,0.0,2.642622395779755,0.127536231884058,40.8,4.620000000000001,0,0,0,0,0,1,0,0,0,0,0,0,0,0,0,0,0,1,0,0,0
8,6,91.4,37.9,673.8,5.2,20.2,37,2.7,0.0,2.6878474937846906,0.531578947368421,711.6999999999999,14.040000000000001,0,0,0,0,0,0,0,0,0,0,0,0,1,0,0,0,0,0,0,0,1
5,6,90.6,50.1,100.4,7.8,15.1,64,4.0,0.0,2.7073833121145063,0.2323076923076923,150.5,31.2,0,0,0,0,0,0,0,0,0,1,0,0,0,0,0,0,1,0,0,0,0
4,5,92.9,137.0,706.4,9.2,22.1,34,1.8,0.0,2.745345985845907,0.6314285714285715,843.4,16.56,0,1,0,0,0,0,0,0,0,0,0,0,0,1,0,0,0,0,1,0,0
2,2,93.5,139.4,594.2,20.3,22.9,31,7.2,0.0,2.800325477211381,0.715625,733.6,146.16,0,1,0,1,0,0,0,0,0,0,0,0,0,0,0,0,1,0,0,0,0
7,5,91.0,129.5,692.6,7.0,20.7,37,2.2,0.0,2.9014215940827497,0.5447368421052632,822.1,15.400000000000002,0,1,0,0,0,0,0,0,0,0,0,0,0,1,0,0,0,0,0,1,0
6,5,92.4,117.9,668.0,12.2,19.6,33,6.3,0.0,3.007166651179654,0.5764705882352942,785.9,76.86,0,1,0,0,0,0,0,0,0,0,0,0,0,1,1,0,0,0,0,0,0
8,3,93.7,80.9,685.2,17.9,23.2,26,4.9,0.0,3.1949928844048685,0.8592592592592593,766.1,87.71,0,1,0,0,0,0,0,0,0,0,0,0,0,1,0,0,0,0,1,0,0
4,4,90.6,43.7,686.9,6.7,18.4,25,3.1,0.0,3.2280337626529665,0.7076923076923076,730.6,20.77,0,0,0,0,0,0,0,0,0,0,0,0,1,0,0,0,1,0,0,0,0
7,4,93.5,139.4,594.2,20.3,5.1,96,5.8,0.0,3.295836866004329,0.05257731958762886,733.6,117.74,0,1,0,1,0,0,0,0,0,0,0,0,0,0,0,0,1,0,0,0,0
7,4,94.3,85.1,692.3,15.9,20.1,47,4.9,0.0,3.3006401266708405,0.41875,777.4,77.91000000000001,0,1,0,0,0,0,0,0,0,0,0,0,0,1,1,0,0,0,0,0,0
7,3,87.6,52.2,103.8,5.0,11.0,46,5.8,0.0,3.3446270301737613,0.23404255319148937,156.0,29.0,0,0,0,0,0,0,0,0,0,1,0,0,0,0,0,1,0,0,0,0,0
4,4,91.7,35.8,80.8,7.8,17.0,27,4.9,0.0,3.389799336709786,0.6071428571428571,116.6,38.22,0,0,0,0,0,0,0,0,0,1,0,0,0,0,0,0,1,0,0,0,0
4,4,91.7,35.8,80.8,7.8,17.0,27,4.9,0.0,3.389799336709786,0.6071428571428571,116.6,38.22,0,0,0,0,0,0,0,0,0,1,0,0,0,0,0,0,1,0,0,0,0
4,4,92.4,124.1,680.7,8.5,16.9,60,1.3,0.0,3.4170707308184456,0.27704918032786885,804.8000000000001,11.05,0,1,0,0,0,0,0,0,0,0,0,0,0,1,0,0,0,1,0,0,0
1,3,88.6,91.8,709.9,7.1,12.4,73,6.3,0.0,3.4442568711226023,0.16756756756756758,801.6999999999999,44.73,0,1,0,0,0,0,0,0,0,0,0,0,0,1,0,1,0,0,0,0,0
4,5,92.9,133.3,699.6,9.2,19.4,19,1.3,0.0,3.487986511734546,0.97,832.9000000000001,11.959999999999999,0,1,0,0,0,0,0,0,0,0,0,0,0,1,0,0,0,0,0,0,1
6,5,90.1,39.7,86.6,6.2,15.2,27,3.1,0.0,3.492256112609122,0.5428571428571428,126.3,19.220000000000002,0,0,0,0,0,0,0,0,0,1,0,0,0,0,0,1,0,0,0,0,0
8,6,90.2,99.6,631.2,6.3,16.2,59,3.1,0.0,3.4986265269937014,0.26999999999999996,730.8000000000001,19.53,0,1,0,1,0,0,0,0,0,0,0,0,0,0,0,0,0,1,0,0,0
3,4,93.3,141.2,713.9,13.9,18.6,49,3.6,0.0,3.607669398688393,0.37200000000000005,855.0999999999999,50.04,0,1,0,0,0,0,0,0,0,0,0,0,0,1,1,0,0,0,0,0,0
4,3,87.6,52.2,103.8,5.0,11.0,46,5.8,0.0,3.6336309798834576,0.23404255319148937,156.0,29.0,0,0,0,0,0,0,0,0,0,1,0,0,0,0,0,1,0,0,0,0,0
2,2,88.3,150.3,309.9,6.8,13.4,79,3.6,0.0,3.6381123370602833,0.1675,460.2,24.48,0,0,0,0,0,0,0,1,0,0,0,0,0,0,1,0,0,0,0,0,0
7,4,90.1,82.9,735.7,6.2,15.4,57,4.5,0.0,3.6560979645895566,0.2655172413793104,818.6,27.900000000000002,0,1,0,0,0,0,0,0,0,0,0,0,0,1,0,0,0,0,0,0,1
4,4,93.5,149.3,728.6,8.1,22.9,39,4.9,0.0,3.902982260775997,0.5725,877.9000000000001,39.69,0,1,0,0,0,0,0,0,0,0,0,0,0,1,0,0,0,1,0,0,0
7,5,91.7,48.5,696.1,11.1,16.1,44,4.0,0.0,3.9193957597575593,0.3577777777777778,744.6,44.4,0,0,0,0,0,0,0,0,0,0,0,0,1,0,0,1,0,0,0,0,0
8,6,92.2,81.8,480.8,11.9,20.1,34,4.5,0.0,4.08260930600368,0.5742857142857143,562.6,53.550000000000004,0,1,0,1,0,0,0,0,0,0,0,0,0,0,0,0,1,0,0,0,0
4,6,93.5,149.3,728.6,8.1,28.3,26,3.1,0.0,4.175924549214524,1.0481481481481483,877.9000000000001,25.11,0,1,0,0,0,0,0,0,0,0,0,0,0,1,0,0,0,1,0,0,0
8,6,92.2,81.8,480.8,11.9,16.4,43,4.0,0.0,4.280824129164719,0.3727272727272727,562.6,47.6,0,1,0,1,0,0,0,0,0,0,0,0,0,0,0,0,1,0,0,0,0
4,4,92.9,133.3,699.6,9.2,26.4,21,4.5,0.0,4.494126887194767,1.2,832.9000000000001,41.4,0,1,0,0,0,0,0,0,0,0,0,0,0,1,0,0,0,0,0,0,1
1,5,93.5,149.3,728.6,8.1,27.8,27,3.1,0.0,4.566221435849517,0.9928571428571429,877.9000000000001,25.11,0,1,0,0,0,0,0,0,0,0,0,0,0,1,0,0,0,1,0,0,0
6,4,91.0,129.5,692.6,7.0,18.7,43,2.7,0.0,4.648133885420207,0.425,822.1,18.900000000000002,0,1,0,0,0,0,0,0,0,0,0,0,0,1,0,0,0,0,0,1,0
9,4,84.4,73.4,671.9,3.2,24.3,36,3.1,0.0,4.669646205172456,0.6567567567567568,745.3,9.920000000000002,0,1,0,0,0,0,0,0,0,0,0,0,0,1,0,0,0,0,0,1,0
4,5,92.5,121.1,674.4,8.6,17.7,25,3.1,0.0,5.049086480470509,0.6807692307692308,795.5,26.66,0,1,0,0,0,0,0,0,0,0,0,0,0,1,0,0,1,0,0,0,0
8,6,91.4,142.4,601.4,10.6,19.6,41,5.8,0.0,5.285637313390662,0.4666666666666667,743.8,61.48,0,1,0,1,0,0,0,0,0,0,0,0,0,0,0,0,0,1,0,0,0
2,2,92.5,121.1,674.4,8.6,18.2,46,1.8,0.0,5.307970623576175,0.3872340425531915,795.5,15.48,0,1,0,0,0,0,0,0,0,0,0,0,0,1,0,0,1,0,0,0,0
1,2,91.0,129.5,692.6,7.0,18.8,40,2.2,0.0,5.365415110080531,0.4585365853658537,822.1,15.400000000000002,0,1,0,0,0,0,0,0,0,0,0,0,0,1,0,0,0,0,0,1,0
6,5,92.5,121.1,674.4,8.6,25.1,27,4.0,0.0,6.995619625423205,0.8964285714285715,795.5,34.4,0,1,0,0,0,0,0,0,0,0,0,0,0,1,0,0,1,0,0,0,0
7,5,81.9,3.0,7.9,3.5,13.4,75,1.8,0.0,0.0,0.1763157894736842,10.9,6.3,0,0,1,0,0,0,0,0,0,0,0,0,0,0,0,0,0,1,0,0,0
6,3,88.0,17.2,43.5,3.8,15.2,51,2.7,0.0,0.0,0.29230769230769227,60.7,10.26,0,0,1,0,0,0,0,0,0,0,0,0,0,0,0,0,0,0,0,0,1
4,4,83.0,23.3,85.3,2.3,16.7,20,3.1,0.0,0.0,0.7952380952380952,108.6,7.13,0,0,1,0,0,0,0,0,0,0,0,0,0,0,1,0,0,0,0,0,0
2,4,94.2,122.3,589.9,12.9,15.4,66,4.0,0.0,2.4096441652874536,0.22985074626865673,712.1999999999999,51.6,0,1,0,1,0,0,0,0,0,0,0,0,0,0,0,0,0,1,0,0,0
7,4,91.8,175.1,700.7,13.8,21.9,73,7.6,1.0,0.0,0.2959459459459459,875.8000000000001,104.88,0,1,0,1,0,0,0,0,0,0,0,0,0,0,0,0,0,1,0,0,0
2,4,91.8,175.1,700.7,13.8,22.4,54,7.6,0.0,1.3532545070416904,0.40727272727272723,875.8000000000001,104.88,0,1,0,1,0,0,0,0,0,0,0,0,0,0,0,0,0,1,0,0,0
3,4,91.8,175.1,700.7,13.8,26.8,38,6.3,0.0,0.5653138090500605,0.6871794871794872,875.8000000000001,86.94,0,1,0,1,0,0,0,0,0,0,0,0,0,0,0,0,0,1,0,0,0
5,4,91.8,175.1,700.7,13.8,25.7,39,5.4,0.0,0.08617769624105233,0.6425,875.8000000000001,74.52000000000001,0,1,0,1,0,0,0,0,0,0,0,0,0,0,0,0,0,1,0,0,0
2,4,92.2,91.6,503.6,9.6,20.7,70,2.2,0.0,0.5596157879354227,0.2915492957746479,595.2,21.12,0,1,0,1,0,0,0,0,0,0,0,0,0,0,0,0,0,0,0,0,1
8,6,93.1,157.3,666.7,13.5,28.7,28,2.7,0.0,0.0,0.9896551724137931,824.0,36.45,0,1,0,1,0,0,0,0,0,0,0,0,0,0,0,0,0,0,0,0,1
3,4,93.1,157.3,666.7,13.5,21.7,40,0.4,0.0,1.244154593958768,0.5292682926829269,824.0,5.4,0,1,0,1,0,0,0,0,0,0,0,0,0,0,0,0,0,0,0,0,1
8,5,93.1,157.3,666.7,13.5,26.8,25,3.1,0.0,0.5187937934151675,1.0307692307692309,824.0,41.85,0,1,0,1,0,0,0,0,0,0,0,0,0,0,0,0,0,0,0,0,1
8,5,93.1,157.3,666.7,13.5,24.0,36,3.1,0.0,0.2151113796169455,0.6486486486486487,824.0,41.85,0,1,0,1,0,0,0,0,0,0,0,0,0,0,0,0,0,0,0,0,1
6,5,93.1,157.3,666.7,13.5,22.1,37,3.6,0.0,0.19062035960864973,0.5815789473684211,824.0,48.6,0,1,0,1,0,0,0,0,0,0,0,0,0,0,0,0,0,0,0,0,1
7,4,91.9,109.2,565.5,8.0,21.4,38,2.7,0.0,0.9242589015233319,0.5487179487179487,674.7,21.6,0,1,0,1,0,0,0,0,0,0,0,0,0,0,0,0,0,0,1,0,0
6,3,91.6,138.1,621.7,6.3,18.9,41,3.1,0.0,2.428336298299606,0.44999999999999996,759.8000000000001,19.53,0,1,0,1,0,0,0,0,0,0,0,0,0,0,0,0,0,0,1,0,0
2,5,87.5,77.0,694.8,5.0,22.3,46,4.0,0.0,0.0,0.474468085106383,771.8,20.0,0,1,0,1,0,0,0,0,0,0,0,0,0,0,0,0,0,0,1,0,0
8,6,94.2,117.2,581.1,11.0,23.9,41,2.2,0.0,2.199444334074532,0.569047619047619,698.3000000000001,24.200000000000003,0,1,0,1,0,0,0,0,0,0,0,0,0,0,0,0,1,0,0,0,0
4,3,94.2,117.2,581.1,11.0,21.4,44,2.7,0.0,0.5187937934151675,0.4755555555555555,698.3000000000001,29.700000000000003,0,1,0,1,0,0,0,0,0,0,0,0,0,0,0,0,1,0,0,0,0
3,4,91.8,170.9,692.3,13.7,20.6,59,0.9,0.0,0.0,0.3433333333333334,863.1999999999999,12.33,0,1,0,1,0,0,0,0,0,0,0,0,0,0,0,0,1,0,0,0,0
7,4,91.8,170.9,692.3,13.7,23.7,40,1.8,0.0,0.8671004876833833,0.5780487804878048,863.1999999999999,24.66,0,1,0,1,0,0,0,0,0,0,0,0,0,0,0,0,1,0,0,0,0
2,4,93.6,97.9,542.0,14.4,28.3,32,4.0,0.0,2.2874714551839976,0.8575757575757575,639.9,57.6,0,1,0,1,0,0,0,0,0,0,0,0,0,0,0,1,0,0,0,0,0
3,4,91.6,112.4,573.0,8.9,11.2,84,7.6,0.0,1.4586150226995167,0.13176470588235292,685.4,67.64,0,1,0,1,0,0,0,0,0,0,0,0,0,0,1,0,0,0,0,0,0
2,4,91.6,112.4,573.0,8.9,21.4,42,3.1,0.0,1.6582280766035324,0.4976744186046511,685.4,27.590000000000003,0,1,0,1,0,0,0,0,0,0,0,0,0,0,1,0,0,0,0,0,0
6,3,91.1,141.1,629.1,7.1,19.3,39,3.6,0.0,0.9400072584914712,0.48250000000000004,770.2,25.56,0,1,0,1,0,0,0,0,0,0,0,0,0,0,1,0,0,0,0,0,0
4,4,94.3,167.6,684.4,13.0,21.8,53,3.1,0.0,2.020222182019865,0.40370370370370373,852.0,40.300000000000004,0,1,0,1,0,0,0,0,0,0,0,0,0,0,1,0,0,0,0,0,0
4,4,93.7,102.2,550.3,14.6,22.1,54,7.6,0.0,0.5822156198526637,0.40181818181818185,652.5,110.96,0,1,0,1,0,0,0,0,0,0,0,0,0,0,0,0,0,0,0,1,0
6,5,94.3,131.7,607.1,22.7,19.4,55,4.0,0.0,0.15700374880966478,0.3464285714285714,738.8,90.8,0,1,0,1,0,0,0,0,0,0,0,0,0,0,0,0,0,0,0,1,0
2,2,92.1,152.6,658.2,14.3,23.7,24,3.1,0.0,0.0,0.948,810.8000000000001,44.330000000000005,0,1,0,1,0,0,0,0,0,0,0,0,0,0,0,0,0,0,0,1,0
3,4,92.1,152.6,658.2,14.3,21.0,32,3.1,0.0,0.0,0.6363636363636364,810.8000000000001,44.330000000000005,0,1,0,1,0,0,0,0,0,0,0,0,0,0,0,0,0,0,0,1,0
4,4,92.1,152.6,658.2,14.3,19.1,53,2.7,0.0,1.6863989535702288,0.35370370370370374,810.8000000000001,38.61000000000001,0,1,0,1,0,0,0,0,0,0,0,0,0,0,0,0,0,0,0,1,0
2,2,92.1,152.6,658.2,14.3,21.8,56,3.1,0.0,0.41871033485818504,0.3824561403508772,810.8000000000001,44.330000000000005,0,1,0,1,0,0,0,0,0,0,0,0,0,0,0,0,0,0,0,1,0
8,6,92.1,152.6,658.2,14.3,20.1,58,4.5,0.0,2.329227023940467,0.34067796610169493,810.8000000000001,64.35000000000001,0,1,0,1,0,0,0,0,0,0,0,0,0,0,0,0,0,0,0,1,0
2,5,92.1,152.6,658.2,14.3,20.2,47,4.0,0.0,1.4085449700547104,0.42083333333333334,810.8000000000001,57.2,0,1,0,1,0,0,0,0,0,0,0,0,0,0,0,0,0,0,0,1,0
4,6,84.4,27.2,353.5,6.8,4.8,57,8.5,0.0,2.300583090323373,0.08275862068965517,380.7,57.8,0,0,0,0,1,0,0,0,0,0,0,0,0,0,0,0,0,1,0,0,0
8,6,84.0,27.8,354.6,5.3,5.1,61,8.0,0.0,2.5006159434931803,0.08225806451612902,382.40000000000003,42.4,0,0,0,0,1,0,0,0,0,0,0,0,0,0,0,0,0,0,0,0,1
4,6,84.6,26.4,352.0,2.0,5.1,61,4.9,0.0,1.8531680973566984,0.08225806451612902,378.4,9.8,0,0,0,0,1,0,0,0,0,0,0,0,0,0,0,0,0,0,1,0,0
4,4,85.4,25.4,349.7,2.6,4.6,21,8.5,0.0,2.93651291389402,0.20909090909090908,375.09999999999997,22.1,0,0,0,0,1,0,0,0,0,0,0,0,0,0,0,1,0,0,0,0,0
3,4,85.4,25.4,349.7,2.6,4.6,21,8.5,0.0,2.462149662665384,0.20909090909090908,375.09999999999997,22.1,0,0,0,0,1,0,0,0,0,0,0,0,0,0,0,1,0,0,0,0,0
4,4,85.4,25.4,349.7,2.6,4.6,21,8.5,0.0,3.136797713832594,0.20909090909090908,375.09999999999997,22.1,0,0,0,0,1,0,0,0,0,0,0,0,0,0,0,1,0,0,0,0,0
4,4,85.4,25.4,349.7,2.6,4.6,21,8.5,0.0,2.3767644911682972,0.20909090909090908,375.09999999999997,22.1,0,0,0,0,1,0,0,0,0,0,0,0,0,0,0,1,0,0,0,0,0
4,6,84.7,26.7,352.6,4.1,2.2,59,4.9,0.0,2.329227023940467,0.03666666666666667,379.3,20.09,0,0,0,0,1,0,0,0,0,0,0,0,0,0,1,0,0,0,0,0,0
6,5,85.4,25.4,349.7,2.6,5.1,24,8.5,0.0,3.2492110246642736,0.204,375.09999999999997,22.1,0,0,0,0,1,0,0,0,0,0,0,0,0,0,0,0,0,0,0,1,0
6,3,84.9,27.5,353.5,3.4,4.2,51,4.0,0.0,0.0,0.08076923076923077,381.0,13.6,0,0,0,0,0,1,0,0,0,0,0,0,0,0,0,0,0,1,0,0,0
3,4,86.9,6.6,18.7,3.2,8.8,35,3.1,0.0,0.7419373447293773,0.24444444444444446,25.299999999999997,9.920000000000002,0,0,0,0,0,1,0,0,0,0,0,0,0,0,0,0,0,0,0,0,1
5,4,85.2,4.9,15.8,6.3,7.5,46,8.0,0.0,3.228430037673012,0.1595744680851064,20.700000000000003,50.4,0,0,0,0,0,1,0,0,0,0,0,0,0,0,1,0,0,0,0,0,0
2,5,93.9,169.7,411.8,12.3,23.4,40,6.3,0.0,0.0,0.5707317073170731,581.5,77.49000000000001,0,0,0,0,0,0,0,1,0,0,0,0,0,0,0,0,0,1,0,0,0
7,6,91.2,183.1,437.7,12.5,12.6,90,7.6,0.2,0.0,0.13846153846153847,620.8,95.0,0,0,0,0,0,0,0,1,0,0,0,0,0,0,0,0,0,0,0,0,1
7,4,91.6,104.2,474.9,9.0,22.1,49,2.7,0.0,0.0,0.442,579.1,24.3,0,0,0,0,0,0,0,1,0,0,0,0,0,0,0,0,1,0,0,0,0
7,4,91.6,104.2,474.9,9.0,24.2,32,1.8,0.0,0.0,0.7333333333333333,579.1,16.2,0,0,0,0,0,0,0,1,0,0,0,0,0,0,0,0,1,0,0,0,0
7,4,91.6,104.2,474.9,9.0,24.3,30,1.8,0.0,0.0,0.7838709677419355,579.1,16.2,0,0,0,0,0,0,0,1,0,0,0,0,0,0,0,0,1,0,0,0,0
2,5,91.6,104.2,474.9,9.0,18.7,53,1.8,0.0,0.0,0.34629629629629627,579.1,16.2,0,0,0,0,0,0,0,1,0,0,0,0,0,0,0,0,1,0,0,0,0
9,4,91.6,104.2,474.9,9.0,25.3,39,0.9,0.0,2.1972245773362196,0.6325000000000001,579.1,8.1,0,0,0,0,0,0,0,1,0,0,0,0,0,0,0,0,1,0,0,0,0
4,5,91.6,100.2,466.3,6.3,22.9,40,1.3,0.0,1.2919836816486494,0.5585365853658536,566.5,8.19,0,0,0,0,0,0,0,1,0,0,0,0,0,0,1,0,0,0,0,0,0
7,6,93.1,180.4,430.8,11.0,26.9,28,5.4,0.0,4.471067201464611,0.9275862068965517,611.2,59.400000000000006,0,0,0,0,0,0,0,1,0,0,0,0,0,0,0,0,0,0,0,1,0
8,6,92.3,88.8,440.9,8.5,17.1,67,3.6,0.0,2.0241930674493576,0.2514705882352941,529.6999999999999,30.6,0,0,0,0,0,0,0,1,0,0,0,0,0,0,0,0,0,0,0,1,0
7,5,93.1,180.4,430.8,11.0,22.2,48,1.3,0.0,0.0,0.4530612244897959,611.2,14.3,0,0,0,0,0,0,0,0,1,0,0,0,0,0,0,0,0,1,0,0,0
6,4,90.4,89.5,290.8,6.4,14.3,46,1.8,0.0,0.6418538861723948,0.30425531914893617,380.3,11.520000000000001,0,0,0,0,0,0,0,0,1,0,0,0,0,0,0,0,0,1,0,0,0
8,6,90.4,89.5,290.8,6.4,15.4,45,2.2,0.0,0.0,0.3347826086956522,380.3,14.080000000000002,0,0,0,0,0,0,0,0,1,0,0,0,0,0,0,0,0,1,0,0,0
8,6,91.2,147.8,377.2,12.7,19.6,43,4.9,0.0,0.0,0.4454545454545455,525.0,62.230000000000004,0,0,0,0,0,0,0,0,1,0,0,0,0,0,0,0,0,0,0,0,1
6,5,53.4,71.0,233.8,0.4,10.6,90,2.7,0.0,0.0,0.11648351648351649,304.8,1.08,0,0,0,0,0,0,0,0,1,0,0,0,0,0,0,0,1,0,0,0,0
6,5,90.4,93.3,298.1,7.5,20.7,25,4.9,0.0,0.0,0.7961538461538461,391.40000000000003,36.75,0,0,0,0,0,0,0,0,1,0,0,0,0,0,0,1,0,0,0,0,0
6,5,90.4,93.3,298.1,7.5,19.1,39,5.4,0.0,1.5085119938441398,0.47750000000000004,391.40000000000003,40.5,0,0,0,0,0,0,0,0,1,0,0,0,0,0,0,1,0,0,0,0,0
3,6,91.1,94.1,232.1,7.1,19.2,38,4.5,0.0,0.0,0.4923076923076923,326.2,31.95,0,0,0,0,0,0,0,0,1,0,0,0,0,0,1,0,0,0,0,0,0
3,6,91.1,94.1,232.1,7.1,19.2,38,4.5,0.0,0.0,0.4923076923076923,326.2,31.95,0,0,0,0,0,0,0,0,1,0,0,0,0,0,1,0,0,0,0,0,0
6,5,85.1,28.0,113.8,3.5,11.3,94,4.9,0.0,0.0,0.11894736842105263,141.8,17.150000000000002,0,0,0,0,0,0,0,0,0,0,1,0,0,0,0,0,1,0,0,0,0
1,4,89.6,84.1,714.3,5.7,19.0,52,2.2,0.0,0.0,0.3584905660377358,798.4,12.540000000000001,0,1,0,0,0,0,0,0,0,0,0,0,0,1,0,0,0,1,0,0,0
7,4,89.6,84.1,714.3,5.7,17.1,53,5.4,0.0,0.3435897043900769,0.3166666666666667,798.4,30.780000000000005,0,1,0,0,0,0,0,0,0,0,0,0,0,1,0,0,0,1,0,0,0
3,4,89.6,84.1,714.3,5.7,23.8,35,3.6,0.0,1.8213182714695995,0.6611111111111111,798.4,20.52,0,1,0,0,0,0,0,0,0,0,0,0,0,1,0,0,0,1,0,0,0
2,4,92.4,105.8,758.1,9.9,16.0,45,1.8,0.0,0.0,0.34782608695652173,863.9,17.82,0,1,0,0,0,0,0,0,0,0,0,0,0,1,0,0,0,1,0,0,0
2,4,92.4,105.8,758.1,9.9,24.9,27,2.2,0.0,0.0,0.8892857142857142,863.9,21.78,0,1,0,0,0,0,0,0,0,0,0,0,0,1,0,0,0,1,0,0,0
7,4,92.4,105.8,758.1,9.9,25.3,27,2.7,0.0,0.0,0.9035714285714286,863.9,26.730000000000004,0,1,0,0,0,0,0,0,0,0,0,0,0,1,0,0,0,1,0,0,0
6,3,92.4,105.8,758.1,9.9,24.8,28,1.8,0.0,2.727199019940971,0.8551724137931035,863.9,17.82,0,1,0,0,0,0,0,0,0,0,0,0,0,1,0,0,0,1,0,0,0
2,4,50.4,46.2,706.6,0.4,12.2,78,6.3,0.0,0.0,0.15443037974683543,752.8000000000001,2.52,0,1,0,0,0,0,0,0,0,0,0,0,0,1,0,0,0,1,0,0,0
6,5,92.6,115.4,777.1,8.8,24.3,27,4.9,0.0,0.0,0.8678571428571429,892.5,43.120000000000005,0,1,0,0,0,0,0,0,0,0,0,0,0,1,0,0,0,0,0,0,1
4,4,92.6,115.4,777.1,8.8,19.7,41,1.8,0.0,0.9477893989335261,0.46904761904761905,892.5,15.840000000000002,0,1,0,0,0,0,0,0,0,0,0,0,0,1,0,0,0,0,0,0,1
3,4,91.2,134.7,817.5,7.2,18.5,30,2.7,0.0,0.0,0.5967741935483871,952.2,19.44,0,1,0,0,0,0,0,0,0,0,0,0,0,1,0,0,0,0,0,0,1
4,5,92.4,96.2,739.4,8.6,18.6,24,5.8,0.0,0.0,0.7440000000000001,835.6,49.879999999999995,0,1,0,0,0,0,0,0,0,0,0,0,0,1,0,0,0,0,1,0,0
4,4,92.4,96.2,739.4,8.6,19.2,24,4.9,0.0,1.5644405465033644,0.768,835.6,42.14,0,1,0,0,0,0,0,0,0,0,0,0,0,1,0,0,0,0,1,0,0
6,5,92.8,119.0,783.5,7.5,21.6,27,2.2,0.0,0.0,0.7714285714285715,902.5,16.5,0,1,0,0,0,0,0,0,0,0,0,0,0,1,0,0,0,0,1,0,0
5,4,92.8,119.0,783.5,7.5,21.6,28,6.3,0.0,1.6882490928583902,0.7448275862068966,902.5,47.25,0,1,0,0,0,0,0,0,0,0,0,0,0,1,0,0,0,0,1,0,0
6,3,92.8,119.0,783.5,7.5,18.9,34,7.2,0.0,3.5655812377694427,0.5399999999999999,902.5,54.0,0,1,0,0,0,0,0,0,0,0,0,0,0,1,0,0,0,0,1,0,0
1,4,92.8,119.0,783.5,7.5,16.8,28,4.0,0.0,2.105352923464337,0.5793103448275863,902.5,30.0,0,1,0,0,0,0,0,0,0,0,0,0,0,1,0,0,0,0,1,0,0
6,5,92.8,119.0,783.5,7.5,16.8,28,4.0,0.0,0.6981347220709844,0.5793103448275863,902.5,30.0,0,1,0,0,0,0,0,0,0,0,0,0,0,1,0,0,0,0,1,0,0
3,5,90.7,136.9,822.8,6.8,12.9,39,2.7,0.0,1.1568811967920856,0.3225,959.6999999999999,18.36,0,1,0,0,0,0,0,0,0,0,0,0,0,1,0,0,0,0,1,0,0
6,5,88.1,53.3,726.9,5.4,13.7,56,1.8,0.0,1.6900958154515549,0.24035087719298245,780.1999999999999,9.72,0,1,0,0,0,0,0,0,0,0,0,0,0,1,0,0,0,0,1,0,0
1,4,92.2,102.3,751.5,8.4,24.2,27,3.1,0.0,0.0,0.8642857142857142,853.8,26.040000000000003,0,1,0,0,0,0,0,0,0,0,0,0,0,1,0,0,1,0,0,0,0
5,4,92.2,102.3,751.5,8.4,24.1,27,3.1,0.0,0.0,0.8607142857142858,853.8,26.040000000000003,0,1,0,0,0,0,0,0,0,0,0,0,0,1,0,0,1,0,0,0,0
6,5,92.2,102.3,751.5,8.4,21.2,32,2.2,0.0,0.0,0.6424242424242425,853.8,18.480000000000004,0,1,0,0,0,0,0,0,0,0,0,0,0,1,0,0,1,0,0,0,0
6,5,92.2,102.3,751.5,8.4,19.7,35,1.8,0.0,0.0,0.5472222222222222,853.8,15.120000000000001,0,1,0,0,0,0,0,0,0,0,0,0,0,1,0,0,1,0,0,0,0
4,3,92.2,102.3,751.5,8.4,23.5,27,4.0,0.0,1.4655675420143985,0.8392857142857143,853.8,33.6,0,1,0,0,0,0,0,0,0,0,0,0,0,1,0,0,1,0,0,0,0
3,3,92.2,102.3,751.5,8.4,24.2,27,3.1,0.0,2.0255131996542803,0.8642857142857142,853.8,26.040000000000003,0,1,0,0,0,0,0,0,0,0,0,0,0,1,0,0,1,0,0,0,0
7,4,91.2,124.4,795.3,8.5,21.5,28,4.5,0.0,2.8118094353930627,0.7413793103448276,919.6999999999999,38.25,0,1,0,0,0,0,0,0,0,0,0,0,0,1,0,0,1,0,0,0,0
4,4,91.2,124.4,795.3,8.5,17.1,41,2.2,0.0,2.503073953743449,0.4071428571428572,919.6999999999999,18.700000000000003,0,1,0,0,0,0,0,0,0,0,0,0,0,1,0,0,1,0,0,0,0
1,4,92.1,87.7,721.1,9.5,18.1,54,3.1,0.0,1.1410330045520618,0.3290909090909091,808.8000000000001,29.45,0,1,0,0,0,0,0,0,0,0,0,0,0,1,0,1,0,0,0,0,0
2,3,91.6,108.4,764.0,6.2,18.0,51,5.4,0.0,0.0,0.34615384615384615,872.4,33.480000000000004,0,1,0,0,0,0,0,0,0,0,0,0,0,1,0,1,0,0,0,0,0
4,3,91.6,108.4,764.0,6.2,9.8,86,1.8,0.0,0.0,0.11264367816091955,872.4,11.16,0,1,0,0,0,0,0,0,0,0,0,0,0,1,0,1,0,0,0,0,0
7,4,91.6,108.4,764.0,6.2,19.3,44,2.2,0.0,0.0,0.42888888888888893,872.4,13.640000000000002,0,1,0,0,0,0,0,0,0,0,0,0,0,1,0,1,0,0,0,0,0
6,3,91.6,108.4,764.0,6.2,23.0,34,2.2,0.0,4.04375277610604,0.6571428571428571,872.4,13.640000000000002,0,1,0,0,0,0,0,0,0,0,0,0,0,1,0,1,0,0,0,0,0
8,6,91.6,108.4,764.0,6.2,22.7,35,2.2,0.0,2.1377104498038118,0.6305555555555555,872.4,13.640000000000002,0,1,0,0,0,0,0,0,0,0,0,0,0,1,0,1,0,0,0,0,0
2,4,91.6,108.4,764.0,6.2,20.4,41,1.8,0.0,0.9042181506398859,0.48571428571428565,872.4,11.16,0,1,0,0,0,0,0,0,0,0,0,0,0,1,0,1,0,0,0,0,0
2,5,91.6,108.4,764.0,6.2,19.3,44,2.2,0.0,1.5953389880545987,0.42888888888888893,872.4,13.640000000000002,0,1,0,0,0,0,0,0,0,0,0,0,0,1,0,1,0,0,0,0,0
8,6,91.9,111.7,770.3,6.5,15.7,51,2.2,0.0,0.0,0.3019230769230769,882.0,14.3,0,1,0,0,0,0,0,0,0,0,0,0,0,1,0,1,0,0,0,0,0
6,3,91.5,130.1,807.1,7.5,20.6,37,1.8,0.0,0.0,0.5421052631578948,937.2,13.5,0,1,0,0,0,0,0,0,0,0,0,0,0,1,0,1,0,0,0,0,0
8,6,91.5,130.1,807.1,7.5,15.9,51,4.5,0.0,1.1568811967920856,0.3057692307692308,937.2,33.75,0,1,0,0,0,0,0,0,0,0,0,0,0,1,0,1,0,0,0,0,0
6,3,91.5,130.1,807.1,7.5,12.2,66,4.9,0.0,1.9600947840472698,0.18208955223880596,937.2,36.75,0,1,0,0,0,0,0,0,0,0,0,0,0,1,0,1,0,0,0,0,0
2,2,91.5,130.1,807.1,7.5,16.8,43,3.1,0.0,1.9213246735826988,0.38181818181818183,937.2,23.25,0,1,0,0,0,0,0,0,0,0,0,0,0,1,0,1,0,0,0,0,0
1,4,91.5,130.1,807.1,7.5,21.3,35,2.2,0.0,3.3738261848660236,0.5916666666666667,937.2,16.5,0,1,0,0,0,0,0,0,0,0,0,0,0,1,0,1,0,0,0,0,0
5,4,92.1,99.0,745.3,9.6,10.1,75,3.6,0.0,0.0,0.13289473684210526,844.3,34.56,0,1,0,0,0,0,0,0,0,0,0,0,0,1,1,0,0,0,0,0,0
3,4,92.1,99.0,745.3,9.6,17.4,57,4.5,0.0,0.0,0.3,844.3,43.199999999999996,0,1,0,0,0,0,0,0,0,0,0,0,0,1,1,0,0,0,0,0,0
5,4,92.1,99.0,745.3,9.6,12.8,64,3.6,0.0,0.9707789171582248,0.19692307692307692,844.3,34.56,0,1,0,0,0,0,0,0,0,0,0,0,0,1,1,0,0,0,0,0,0
5,4,92.1,99.0,745.3,9.6,10.1,75,3.6,0.0,1.5496879080283263,0.13289473684210526,844.3,34.56,0,1,0,0,0,0,0,0,0,0,0,0,0,1,1,0,0,0,0,0,0
4,4,92.1,99.0,745.3,9.6,15.4,53,6.3,0.0,2.1174596088673567,0.2851851851851852,844.3,60.48,0,1,0,0,0,0,0,0,0,0,0,0,0,1,1,0,0,0,0,0,0
7,4,92.1,99.0,745.3,9.6,20.6,43,3.6,0.0,1.1085626195212777,0.4681818181818182,844.3,34.56,0,1,0,0,0,0,0,0,0,0,0,0,0,1,1,0,0,0,0,0,0
7,4,92.1,99.0,745.3,9.6,19.8,47,2.7,0.0,1.000631880307906,0.41250000000000003,844.3,25.92,0,1,0,0,0,0,0,0,0,0,0,0,0,1,1,0,0,0,0,0,0
7,4,92.1,99.0,745.3,9.6,18.7,50,2.2,0.0,1.9416152247724325,0.36666666666666664,844.3,21.12,0,1,0,0,0,0,0,0,0,0,0,0,0,1,1,0,0,0,0,0,0
4,4,92.1,99.0,745.3,9.6,20.8,35,4.9,0.0,2.643333886382519,0.5777777777777778,844.3,47.04,0,1,0,0,0,0,0,0,0,0,0,0,0,1,1,0,0,0,0,0,0
4,4,92.1,99.0,745.3,9.6,20.8,35,4.9,0.0,0.8153648132841945,0.5777777777777778,844.3,47.04,0,1,0,0,0,0,0,0,0,0,0,0,0,1,1,0,0,0,0,0,0
6,3,92.5,122.0,789.7,10.2,15.9,55,3.6,0.0,0.0,0.2839285714285714,911.7,36.72,0,1,0,0,0,0,0,0,0,0,0,0,0,1,1,0,0,0,0,0,0
6,3,92.5,122.0,789.7,10.2,19.7,39,2.7,0.0,0.0,0.4925,911.7,27.54,0,1,0,0,0,0,0,0,0,0,0,0,0,1,1,0,0,0,0,0,0
1,4,92.5,122.0,789.7,10.2,21.1,39,2.2,0.0,2.21046980408624,0.5275000000000001,911.7,22.44,0,1,0,0,0,0,0,0,0,0,0,0,0,1,1,0,0,0,0,0,0
6,5,92.5,122.0,789.7,10.2,18.4,42,2.2,0.0,0.7371640659767197,0.42790697674418604,911.7,22.44,0,1,0,0,0,0,0,0,0,0,0,0,0,1,1,0,0,0,0,0,0
4,3,92.5,122.0,789.7,10.2,17.3,45,4.0,0.0,1.597365331199831,0.3760869565217391,911.7,40.8,0,1,0,0,0,0,0,0,0,0,0,0,0,1,1,0,0,0,0,0,0
7,4,88.2,55.2,732.3,11.6,15.2,64,3.1,0.0,0.41871033485818504,0.23384615384615384,787.5,35.96,0,1,0,0,0,0,0,0,0,0,0,0,0,1,1,0,0,0,0,0,0
4,3,91.9,111.7,770.3,6.5,15.9,53,2.2,0.0,1.3686394258811698,0.29444444444444445,882.0,14.3,0,1,0,0,0,0,0,0,0,0,0,0,0,1,0,0,0,0,0,1,0
6,5,91.9,111.7,770.3,6.5,21.1,35,2.7,0.0,1.8946168546677629,0.5861111111111111,882.0,17.55,0,1,0,0,0,0,0,0,0,0,0,0,0,1,0,0,0,0,0,1,0
6,5,91.9,111.7,770.3,6.5,19.6,45,3.1,0.0,3.0459499897146083,0.42608695652173917,882.0,20.150000000000002,0,1,0,0,0,0,0,0,0,0,0,0,0,1,0,0,0,0,0,1,0
4,5,91.1,132.3,812.1,12.5,15.9,38,5.4,0.0,1.0116009116784799,0.4076923076923077,944.4000000000001,67.5,0,1,0,0,0,0,0,0,0,0,0,0,0,1,0,0,0,0,0,1,0
4,5,91.1,132.3,812.1,12.5,16.4,27,3.6,0.0,0.0,0.5857142857142856,944.4000000000001,45.0,0,1,0,0,0,0,0,0,0,0,0,0,0,1,0,0,0,0,0,1,0
6,5,91.2,94.3,744.4,8.4,16.8,47,4.9,0.0,2.613006652415316,0.35000000000000003,838.6999999999999,41.160000000000004,0,1,0,0,0,0,0,0,0,0,0,0,0,1,0,0,1,0,0,0,0
4,5,91.0,276.3,825.1,7.1,13.8,77,7.6,0.0,0.0,0.17692307692307693,1101.4,53.959999999999994,0,1,0,0,0,0,0,0,0,0,0,0,0,1,0,0,0,1,0,0,0
7,4,91.0,276.3,825.1,7.1,13.8,77,7.6,0.0,2.4898941912990393,0.17692307692307693,1101.4,53.959999999999994,0,1,0,0,0,0,0,0,0,0,0,0,0,1,0,0,0,1,0,0,0
3,4,91.9,133.6,520.5,8.0,14.2,58,4.0,0.0,0.0,0.2406779661016949,654.1,32.0,0,0,0,0,0,0,0,1,0,0,0,0,0,0,0,0,0,0,0,0,1
4,5,92.0,203.2,664.5,8.1,10.4,75,0.9,0.0,0.0,0.1368421052631579,867.7,7.29,0,1,0,1,0,0,0,0,0,0,0,0,0,0,0,0,0,1,0,0,0
5,4,94.8,222.4,698.6,13.9,20.3,42,2.7,0.0,0.0,0.472093023255814,921.0,37.53,0,1,0,1,0,0,0,0,0,0,0,0,0,0,0,0,0,0,1,0,0
6,5,90.3,290.0,855.3,7.4,10.3,78,4.0,0.0,2.9601050959108397,0.13037974683544304,1145.3,29.6,0,1,0,0,0,0,0,0,0,0,0,0,0,1,1,0,0,0,0,0,0
6,5,91.2,94.3,744.4,8.4,15.4,57,4.9,0.0,3.6975913947159578,0.2655172413793104,838.6999999999999,41.160000000000004,0,1,0,0,0,0,0,0,0,0,0,0,0,1,0,0,1,0,0,0,0
8,6,92.1,207.0,672.6,8.2,21.1,54,2.2,0.0,0.0,0.38363636363636366,879.6,18.04,0,1,0,1,0,0,0,0,0,0,0,0,0,0,0,1,0,0,0,0,0
2,2,93.7,231.1,715.1,8.4,21.9,42,2.2,0.0,5.168379509433644,0.5093023255813953,946.2,18.480000000000004,0,1,0,1,0,0,0,0,0,0,0,0,0,0,0,0,1,0,0,0,0
6,5,90.9,18.9,30.6,8.0,8.7,51,5.8,0.0,0.0,0.1673076923076923,49.5,46.4,0,0,0,0,0,0,0,0,0,1,0,0,0,0,0,0,0,0,1,0,0
4,5,18.7,1.1,171.4,0.0,5.2,100,0.9,0.0,0.0,0.05148514851485149,172.5,0.0,0,0,0,0,0,0,1,0,0,0,0,0,0,0,0,0,0,1,0,0,0
5,4,93.7,101.3,458.8,11.9,19.3,39,7.2,0.0,2.166765369851511,0.48250000000000004,560.1,85.68,0,0,0,0,0,0,0,1,0,0,0,0,0,0,0,0,0,0,0,0,1
8,6,90.7,194.1,643.0,6.8,16.2,63,2.7,0.0,2.8524391037275145,0.253125,837.1,18.36,0,1,0,1,0,0,0,0,0,0,0,0,0,0,0,0,0,0,1,0,0
8,6,95.2,217.7,690.0,18.0,28.2,29,1.8,0.0,1.925707441737794,0.94,907.7,32.4,0,1,0,1,0,0,0,0,0,0,0,0,0,0,0,0,0,0,0,0,1
9,6,91.6,248.4,753.8,6.3,20.5,58,2.7,0.0,3.7812307151781224,0.3474576271186441,1002.1999999999999,17.01,0,1,0,1,0,0,0,0,0,0,0,0,0,0,0,0,0,0,1,0,0
8,4,91.6,273.8,819.1,7.7,21.3,44,4.5,0.0,2.578700529074361,0.47333333333333333,1092.9,34.65,0,1,0,1,0,0,0,0,0,0,0,0,0,0,0,0,1,0,0,0,0
2,4,91.6,181.3,613.0,7.6,20.9,50,2.2,0.0,2.833213344056216,0.40980392156862744,794.3,16.72,0,1,0,1,0,0,0,0,0,0,0,0,0,0,0,0,0,1,0,0,0
3,4,90.5,96.7,750.5,11.4,20.6,55,5.4,0.0,3.2422016501716975,0.3678571428571429,847.2,61.56000000000001,0,1,0,0,0,0,0,0,0,0,0,0,0,1,0,0,0,1,0,0,0
5,5,90.9,18.9,30.6,8.0,11.6,48,5.4,0.0,0.0,0.236734693877551,49.5,43.2,0,0,0,0,0,0,0,0,0,1,0,0,0,0,0,0,0,0,1,0,0
6,4,94.8,227.0,706.7,12.0,23.3,34,3.1,0.0,3.392492941032009,0.6657142857142857,933.7,37.2,0,1,0,1,0,0,0,0,0,0,0,0,0,0,1,0,0,0,0,0,0
7,4,94.8,227.0,706.7,12.0,23.3,34,3.1,0.0,0.0,0.6657142857142857,933.7,37.2,0,1,0,1,0,0,0,0,0,0,0,0,0,0,1,0,0,0,0,0,0
7,4,84.7,9.5,58.3,4.1,7.5,71,6.3,0.0,2.3942522815198695,0.10416666666666667,67.8,25.83,0,0,0,0,0,1,0,0,0,0,0,0,0,0,0,1,0,0,0,0,0
8,6,91.1,91.3,738.1,7.2,20.7,46,2.7,0.0,3.4397768636296306,0.4404255319148936,829.4,19.44,0,1,0,0,0,0,0,0,0,0,0,0,0,1,1,0,0,0,0,0,0
1,3,91.0,276.3,825.1,7.1,21.9,43,4.0,0.0,4.27332721775054,0.4977272727272727,1101.4,28.4,0,1,0,0,0,0,0,0,0,0,0,0,0,1,0,0,0,1,0,0,0
2,4,93.4,15.0,25.6,11.4,15.2,19,7.6,0.0,0.0,0.76,40.6,86.64,0,0,0,0,0,0,0,0,0,1,0,0,0,0,0,0,0,0,0,1,0
6,5,84.1,4.6,46.7,2.2,5.3,68,1.8,0.0,0.0,0.07681159420289854,51.300000000000004,3.9600000000000004,0,0,0,0,0,1,0,0,0,0,0,0,0,0,0,1,0,0,0,0,0
4,5,85.0,9.0,56.9,3.5,10.1,62,1.8,0.0,3.966132331075178,0.1603174603174603,65.9,6.3,0,0,0,0,0,1,0,0,0,0,0,0,0,0,0,0,0,1,0,0,0
4,3,90.5,96.7,750.5,11.4,20.4,55,4.9,0.0,1.534714366238164,0.36428571428571427,847.2,55.86000000000001,0,1,0,0,0,0,0,0,0,0,0,0,0,1,0,0,0,1,0,0,0
5,6,91.6,181.3,613.0,7.6,24.3,33,3.6,0.0,1.5325568680981427,0.7147058823529412,794.3,27.36,0,1,0,1,0,0,0,0,0,0,0,0,0,0,0,0,0,1,0,0,0
1,2,93.7,231.1,715.1,8.4,25.9,32,3.1,0.0,0.0,0.7848484848484848,946.2,26.040000000000003,0,1,0,1,0,0,0,0,0,0,0,0,0,0,0,0,1,0,0,0,0
9,5,93.3,49.5,297.7,14.0,28.0,34,4.5,0.0,0.0,0.8,347.2,63.0,0,0,0,0,0,0,0,0,1,0,0,0,0,0,0,0,0,0,0,0,1
9,5,93.3,49.5,297.7,14.0,28.0,34,4.5,0.0,2.214846178686039,0.8,347.2,63.0,0,0,0,0,0,0,0,0,1,0,0,0,0,0,0,0,0,0,0,0,1
3,4,91.1,88.2,731.7,8.3,22.8,46,4.0,0.0,1.7833912195575383,0.48510638297872344,819.9000000000001,33.2,0,1,0,0,0,0,0,0,0,0,0,0,0,1,0,0,0,0,1,0,0
9,9,94.8,227.0,706.7,12.0,25.0,36,4.0,0.0,0.0,0.6756756756756757,933.7,48.0,0,1,0,1,0,0,0,0,0,0,0,0,0,0,1,0,0,0,0,0,0
8,6,90.7,194.1,643.0,6.8,21.3,41,3.6,0.0,0.0,0.5071428571428571,837.1,24.48,0,1,0,1,0,0,0,0,0,0,0,0,0,0,0,0,0,0,1,0,0
2,4,87.9,84.8,725.1,3.7,21.8,34,2.2,0.0,1.951608170169951,0.6228571428571429,809.9,8.14,0,1,0,0,0,0,0,0,0,0,0,0,0,1,0,0,0,0,0,0,1
2,2,94.6,212.1,680.9,9.5,27.9,27,2.2,0.0,0.0,0.9964285714285713,893.0,20.900000000000002,0,1,0,1,0,0,0,0,0,0,0,0,0,0,0,0,0,0,0,1,0
6,5,87.1,291.3,860.6,4.0,17.0,67,4.9,0.0,1.599387576580599,0.25,1151.9,19.6,0,1,0,0,0,0,0,0,0,0,0,0,0,1,0,0,1,0,0,0,0
4,5,84.7,8.2,55.0,2.9,14.2,46,4.0,0.0,0.0,0.3021276595744681,63.2,11.6,0,0,0,0,0,1,0,0,0,0,0,0,0,0,0,0,1,0,0,0,0
4,3,90.3,290.0,855.3,7.4,19.9,44,3.1,0.0,2.174751721484161,0.4422222222222222,1145.3,22.94,0,1,0,0,0,0,0,0,0,0,0,0,0,1,1,0,0,0,0,0,0
1,4,92.3,96.2,450.2,12.1,23.4,31,5.4,0.0,0.0,0.73125,546.4,65.34,0,0,0,0,0,0,0,1,0,0,0,0,0,0,0,0,0,0,0,1,0
6,3,84.1,7.3,52.8,2.7,14.7,42,2.7,0.0,0.0,0.34186046511627904,60.099999999999994,7.290000000000001,0,0,0,0,0,1,0,0,0,0,0,0,0,0,1,0,0,0,0,0,0
7,4,84.6,3.2,43.6,3.3,8.2,53,9.4,0.0,1.7263316639055997,0.15185185185185185,46.800000000000004,31.02,0,0,0,0,0,1,0,0,0,0,0,0,0,0,1,0,0,0,0,0,0
9,4,92.3,92.1,442.1,9.8,22.8,27,4.5,0.0,0.9669838461896731,0.8142857142857143,534.2,44.1,0,0,0,0,0,0,0,1,0,0,0,0,0,0,0,1,0,0,0,0,0
7,5,93.7,231.1,715.1,8.4,26.4,33,3.6,0.0,0.0,0.776470588235294,946.2,30.240000000000002,0,1,0,1,0,0,0,0,0,0,0,0,0,0,0,0,1,0,0,0,0
5,4,93.6,235.1,723.1,10.1,24.1,50,4.0,0.0,0.0,0.4725490196078432,958.2,40.4,0,1,0,1,0,0,0,0,0,0,0,0,0,0,0,0,0,1,0,0,0
8,6,94.8,222.4,698.6,13.9,27.5,27,4.9,0.0,6.616439947564594,0.9821428571428571,921.0,68.11000000000001,0,1,0,1,0,0,0,0,0,0,0,0,0,0,0,0,0,0,1,0,0
6,3,92.7,164.1,575.8,8.9,26.3,39,3.1,0.0,2.081938421878423,0.6575,739.9,27.590000000000003,0,0,0,0,0,0,0,1,0,0,0,0,0,0,0,0,0,0,0,1,0
6,5,93.4,17.3,28.3,9.9,13.8,24,5.8,0.0,0.0,0.552,45.6,57.42,0,0,0,0,0,0,0,0,0,1,0,0,0,0,0,0,0,0,0,0,1
2,4,92.0,203.2,664.5,8.1,24.9,42,5.4,0.0,1.235471471385307,0.5790697674418605,867.7,43.74,0,1,0,1,0,0,0,0,0,0,0,0,0,0,0,0,0,1,0,0,0
2,5,91.6,181.3,613.0,7.6,24.8,36,4.0,0.0,1.3987168811184478,0.6702702702702703,794.3,30.4,0,1,0,1,0,0,0,0,0,0,0,0,0,0,0,0,0,1,0,0,0
8,8,91.7,191.4,635.9,7.8,26.2,36,4.5,0.0,5.229824370102736,0.7081081081081081,827.3,35.1,0,1,0,1,0,0,0,0,0,0,0,0,0,0,0,0,0,0,0,0,1
2,4,95.2,217.7,690.0,18.0,30.8,19,4.5,0.0,0.0,1.54,907.7,81.0,1,1,0,1,0,0,0,0,0,0,0,0,0,0,0,0,0,0,0,0,1
8,6,88.9,263.1,795.9,5.2,29.3,27,3.6,0.0,1.9878743481543455,1.0464285714285715,1059.0,18.720000000000002,0,0,0,0,0,0,0,1,0,0,0,0,0,0,0,0,0,1,0,0,0
1,3,91.2,94.3,744.4,8.4,22.3,48,4.0,0.0,0.5423242908253617,0.45510204081632655,838.6999999999999,33.6,0,1,0,0,0,0,0,0,0,0,0,0,0,1,0,0,1,0,0,0,0
8,6,93.7,231.1,715.1,8.4,26.9,31,3.6,0.0,1.7850704810772584,0.840625,946.2,30.240000000000002,0,1,0,1,0,0,0,0,0,0,0,0,0,0,0,0,1,0,0,0,0
2,2,91.6,248.4,753.8,6.3,20.4,56,2.2,0.0,0.0,0.35789473684210527,1002.1999999999999,13.860000000000001,0,1,0,1,0,0,0,0,0,0,0,0,0,0,0,0,0,0,1,0,0
8,6,91.6,248.4,753.8,6.3,20.4,56,2.2,0.0,0.0,0.35789473684210527,1002.1999999999999,13.860000000000001,0,1,0,1,0,0,0,0,0,0,0,0,0,0,0,0,0,0,1,0,0
2,4,92.1,207.0,672.6,8.2,27.9,33,2.2,0.0,1.208960345836975,0.8205882352941176,879.6,18.04,0,1,0,1,0,0,0,0,0,0,0,0,0,0,0,1,0,0,0,0,0
1,3,94.8,222.4,698.6,13.9,26.2,34,5.8,0.0,0.0,0.7485714285714286,921.0,80.62,0,1,0,1,0,0,0,0,0,0,0,0,0,0,0,0,0,0,1,0,0
3,4,91.6,181.3,613.0,7.6,24.6,44,4.0,0.0,1.4350845252893227,0.5466666666666667,794.3,30.4,0,1,0,1,0,0,0,0,0,0,0,0,0,0,0,0,0,1,0,0,0
7,4,89.7,287.2,849.3,6.8,19.4,45,3.6,0.0,0.0,0.42173913043478256,1136.5,24.48,0,1,0,0,0,0,0,0,0,0,0,0,0,1,0,0,0,0,1,0,0
1,3,92.1,178.0,605.3,9.6,23.3,40,4.0,0.0,1.9960599327407849,0.5682926829268293,783.3,38.4,0,1,0,1,0,0,0,0,0,0,0,0,0,0,0,0,1,0,0,0,0
8,6,94.8,222.4,698.6,13.9,23.9,38,6.7,0.0,0.0,0.6128205128205128,921.0,93.13000000000001,0,1,0,1,0,0,0,0,0,0,0,0,0,0,0,0,0,0,1,0,0
2,4,93.6,235.1,723.1,10.1,20.9,66,4.9,0.0,2.7936160894318567,0.3119402985074627,958.2,49.49,0,1,0,1,0,0,0,0,0,0,0,0,0,0,0,0,0,1,0,0,0
1,4,90.6,269.8,811.2,5.5,22.2,45,3.6,0.0,0.0,0.4826086956521739,1081.0,19.8,0,1,0,1,0,0,0,0,0,0,0,0,0,0,1,0,0,0,0,0,0
2,5,90.8,84.7,376.6,5.6,23.8,51,1.8,0.0,0.0,0.45769230769230773,461.3,10.08,0,0,0,0,0,0,0,1,0,0,0,0,0,0,0,0,1,0,0,0,0
8,6,92.1,207.0,672.6,8.2,26.8,35,1.3,0.0,0.43178241642553783,0.7444444444444445,879.6,10.66,0,1,0,1,0,0,0,0,0,0,0,0,0,0,0,1,0,0,0,0,0
8,6,89.4,253.6,768.4,9.7,14.2,73,2.7,0.0,0.0,0.19189189189189187,1022.0,26.19,0,1,0,1,0,0,0,0,0,0,0,0,0,0,0,0,1,0,0,0,0
2,5,93.7,231.1,715.1,8.4,23.6,53,4.0,0.0,2.005525858729668,0.43703703703703706,946.2,33.6,0,1,0,1,0,0,0,0,0,0,0,0,0,0,0,0,1,0,0,0,0
1,3,91.1,91.3,738.1,7.2,19.1,46,2.2,0.0,0.2851789422336624,0.4063829787234043,829.4,15.840000000000002,0,1,0,0,0,0,0,0,0,0,0,0,0,1,1,0,0,0,0,0,0
5,4,90.3,290.0,855.3,7.4,16.2,58,3.6,0.0,0.0,0.2745762711864407,1145.3,26.64,0,1,0,0,0,0,0,0,0,0,0,0,0,1,1,0,0,0,0,0,0
8,6,92.1,207.0,672.6,8.2,25.5,29,1.8,0.0,0.8020015854720274,0.85,879.6,14.76,0,1,0,1,0,0,0,0,0,0,0,0,0,0,0,1,0,0,0,0,0
6,5,87.9,24.9,41.6,3.7,10.9,64,3.1,0.0,1.4701758451005926,0.1676923076923077,66.5,11.47,0,0,1,0,0,0,0,0,0,0,0,0,0,0,0,1,0,0,0,0,0
1,2,90.7,80.9,368.3,16.8,14.8,78,8.0,0.0,0.0,0.18734177215189873,449.20000000000005,134.4,0,0,0,0,0,0,0,1,0,0,0,0,0,0,1,0,0,0,0,0,0
2,5,90.3,290.0,855.3,7.4,16.2,58,3.6,0.0,2.3942522815198695,0.2745762711864407,1145.3,26.64,0,1,0,0,0,0,0,0,0,0,0,0,0,1,1,0,0,0,0,0,0
5,5,94.0,47.9,100.7,10.7,17.3,80,4.5,0.0,0.0,0.21358024691358027,148.6,48.15,0,1,0,1,0,0,0,0,0,0,0,0,0,0,0,0,0,1,0,0,0
6,5,92.0,203.2,664.5,8.1,19.1,70,2.2,0.0,0.0,0.2690140845070423,867.7,17.82,0,1,0,1,0,0,0,0,0,0,0,0,0,0,0,0,0,1,0,0,0
3,4,93.4,17.3,28.3,9.9,8.9,35,8.0,0.0,0.0,0.24722222222222223,45.6,79.2,0,0,0,0,0,0,0,0,0,1,0,0,0,0,0,0,0,0,0,0,1
7,4,89.7,284.9,844.0,10.1,10.5,77,4.0,0.0,0.0,0.1346153846153846,1128.9,40.4,0,1,0,0,0,0,0,0,0,0,0,0,0,1,0,0,0,0,0,0,1
7,4,91.6,181.3,613.0,7.6,19.3,61,4.9,0.0,0.0,0.31129032258064515,794.3,37.24,0,1,0,1,0,0,0,0,0,0,0,0,0,0,0,0,0,1,0,0,0
4,5,95.2,217.7,690.0,18.0,23.4,49,5.4,0.0,2.005525858729668,0.46799999999999997,907.7,97.2,0,1,0,1,0,0,0,0,0,0,0,0,0,0,0,0,0,0,0,0,1
1,4,90.5,196.8,649.9,16.3,11.8,88,4.9,0.0,2.3711778844596574,0.13258426966292136,846.7,79.87,0,1,0,1,0,0,0,0,0,0,0,0,0,0,1,0,0,0,0,0,0
7,4,91.5,238.2,730.6,7.5,17.7,65,4.0,0.0,0.0,0.2681818181818182,968.8,30.0,0,1,0,1,0,0,0,0,0,0,0,0,0,0,0,1,0,0,0,0,0
4,5,89.4,266.2,803.3,5.6,17.4,54,3.1,0.0,0.0,0.31636363636363635,1069.5,17.36,0,1,0,1,0,0,0,0,0,0,0,0,0,0,0,0,0,0,1,0,0
3,4,91.6,248.4,753.8,6.3,16.8,56,3.1,0.0,0.0,0.2947368421052632,1002.1999999999999,19.53,0,1,0,1,0,0,0,0,0,0,0,0,0,0,0,0,0,0,1,0,0
3,4,94.6,160.0,567.2,16.7,17.9,48,2.7,0.0,0.0,0.3653061224489796,727.2,45.09,0,0,0,0,0,0,0,1,0,0,0,0,0,0,0,1,0,0,0,0,0
2,4,91.6,248.4,753.8,6.3,16.6,59,2.7,0.0,0.0,0.27666666666666667,1002.1999999999999,17.01,0,1,0,1,0,0,0,0,0,0,0,0,0,0,0,0,0,0,1,0,0
1,4,91.7,191.4,635.9,7.8,19.9,50,4.0,0.0,4.427836170705175,0.3901960784313725,827.3,31.2,0,1,0,1,0,0,0,0,0,0,0,0,0,0,0,0,0,0,0,0,1
8,6,93.7,231.1,715.1,8.4,18.9,64,4.9,0.0,1.463255402256019,0.2907692307692307,946.2,41.160000000000004,0,1,0,1,0,0,0,0,0,0,0,0,0,0,0,0,1,0,0,0,0
7,4,91.6,273.8,819.1,7.7,15.5,72,8.0,0.0,1.0784095813505903,0.21232876712328766,1092.9,61.6,0,1,0,1,0,0,0,0,0,0,0,0,0,0,0,0,1,0,0,0,0
2,5,93.7,231.1,715.1,8.4,18.9,64,4.9,0.0,0.0,0.2907692307692307,946.2,41.160000000000004,0,1,0,1,0,0,0,0,0,0,0,0,0,0,0,0,1,0,0,0,0
8,6,93.7,231.1,715.1,8.4,18.9,64,4.9,0.0,0.0,0.2907692307692307,946.2,41.160000000000004,0,1,0,1,0,0,0,0,0,0,0,0,0,0,0,0,1,0,0,0,0
1,4,91.0,276.3,825.1,7.1,14.5,76,7.6,0.0,1.5496879080283263,0.18831168831168832,1101.4,53.959999999999994,0,1,0,0,0,0,0,0,0,0,0,0,0,1,0,0,0,1,0,0,0
6,5,75.1,4.4,16.2,1.9,4.6,82,6.3,0.0,1.8547342683894434,0.05542168674698795,20.6,11.969999999999999,0,0,0,0,0,1,0,0,0,0,0,0,0,0,0,0,0,0,0,1,0
6,4,75.1,4.4,16.2,1.9,5.1,77,5.4,0.0,1.144222799920162,0.06538461538461537,20.6,10.26,0,0,0,0,0,1,0,0,0,0,0,0,0,0,0,0,0,0,0,1,0
2,2,79.5,3.6,15.3,1.8,4.6,59,0.9,0.0,2.0592388343623163,0.07666666666666666,18.900000000000002,1.62,0,0,0,0,0,1,0,0,0,0,0,0,0,0,0,0,1,0,0,0,0
6,5,87.2,15.1,36.9,7.1,10.2,45,5.8,0.0,1.430311246536665,0.2217391304347826,52.0,41.18,0,0,0,0,0,0,0,0,0,1,0,0,0,0,0,1,0,0,0,0,0
3,4,90.2,18.5,41.1,7.3,11.2,41,5.4,0.0,1.8794650496471605,0.26666666666666666,59.6,39.42,0,0,0,0,0,0,0,0,0,1,0,0,0,0,0,0,0,0,0,0,1
6,5,91.3,20.6,43.5,8.5,13.3,27,3.6,0.0,2.0294631718735947,0.47500000000000003,64.1,30.6,0,0,0,0,0,0,0,0,0,1,0,0,0,0,0,0,0,0,1,0,0
6,3,91.0,14.6,25.6,12.3,13.7,33,9.4,0.0,4.129228964075603,0.4029411764705882,40.2,115.62,0,0,1,0,0,0,0,0,0,0,0,0,0,0,0,0,0,1,0,0,0
5,4,91.0,14.6,25.6,12.3,17.6,27,5.8,0.0,0.0,0.6285714285714287,40.2,71.34,0,0,1,0,0,0,0,0,0,0,0,0,0,0,0,0,0,1,0,0,0
4,3,89.6,25.4,73.7,5.7,18.0,40,4.0,0.0,3.675794214565281,0.43902439024390244,99.1,22.8,0,0,0,0,0,0,0,0,0,0,1,0,0,0,1,0,0,0,0,0,0
8,3,88.2,96.2,229.0,4.7,14.3,79,4.0,0.0,1.0784095813505903,0.17875000000000002,325.2,18.8,0,0,0,0,0,0,0,0,1,0,0,0,0,0,0,1,0,0,0,0,0
9,4,90.5,61.1,252.6,9.4,24.5,50,3.1,0.0,4.267176792994939,0.4803921568627451,313.7,29.14,0,0,0,0,0,0,0,0,1,0,0,0,0,0,0,0,1,0,0,0,0
4,3,93.0,103.8,316.7,10.8,26.4,35,2.7,0.0,2.405141681319138,0.7333333333333333,420.5,29.160000000000004,0,0,0,0,0,0,0,0,1,0,0,0,0,0,0,0,0,0,1,0,0
2,5,93.7,121.7,350.2,18.0,22.7,40,9.4,0.0,1.4327007339340463,0.5536585365853658,471.9,169.20000000000002,0,0,0,0,0,0,0,0,1,0,0,0,0,0,0,0,0,0,1,0,0
4,3,93.5,85.3,395.0,9.9,27.2,28,1.3,0.0,1.0152306797290584,0.9379310344827586,480.3,12.870000000000001,0,0,0,0,0,0,0,1,0,0,0,0,0,0,0,0,0,0,1,0,0
4,3,93.7,101.3,423.4,14.7,26.1,45,4.0,0.0,2.1234584270966104,0.5673913043478261,524.6999999999999,58.8,0,0,0,0,0,0,0,1,0,0,0,0,0,0,0,0,0,1,0,0,0
7,4,93.7,101.3,423.4,14.7,18.2,82,4.5,0.0,1.1662709371419244,0.21927710843373494,524.6999999999999,66.14999999999999,0,0,0,0,0,0,0,1,0,0,0,0,0,0,0,0,0,1,0,0,0
7,4,89.2,103.9,431.6,6.4,22.6,57,4.9,0.0,5.633109621361155,0.3896551724137931,535.5,31.360000000000003,0,0,0,0,0,0,0,1,0,0,0,0,0,0,0,1,0,0,0,0,0
9,9,93.2,114.4,560.0,9.5,30.2,25,4.5,0.0,1.3217558399823195,1.1615384615384614,674.4,42.75,1,0,0,0,0,0,0,1,0,0,0,0,0,0,0,0,0,0,1,0,0
4,3,93.2,114.4,560.0,9.5,30.2,22,4.9,0.0,0.0,1.3130434782608695,674.4,46.550000000000004,1,0,0,0,0,0,0,1,0,0,0,0,0,0,0,0,0,0,1,0,0
3,4,94.9,130.3,587.1,14.1,23.4,40,5.8,0.0,0.8285518175661483,0.5707317073170731,717.4000000000001,81.78,0,1,0,1,0,0,0,0,0,0,0,0,0,0,0,0,0,1,0,0,0
8,6,94.9,130.3,587.1,14.1,31.0,27,5.4,0.0,0.0,1.1071428571428572,717.4000000000001,76.14,1,1,0,1,0,0,0,0,0,0,0,0,0,0,0,0,0,1,0,0,0
2,5,94.9,130.3,587.1,14.1,33.1,25,4.0,0.0,3.311637304949512,1.2730769230769232,717.4000000000001,56.4,1,1,0,1,0,0,0,0,0,0,0,0,0,0,0,0,0,1,0,0,0
2,4,95.0,135.5,596.3,21.3,30.6,28,3.6,0.0,1.1216775615991057,1.0551724137931036,731.8,76.68,1,1,0,1,0,0,0,0,0,0,0,0,0,0,0,1,0,0,0,0,0
5,4,95.1,141.3,605.8,17.7,24.1,43,6.3,0.0,1.0986122886681098,0.5477272727272727,747.0999999999999,111.50999999999999,0,1,0,1,0,0,0,0,0,0,0,0,0,0,0,0,0,0,0,1,0
5,4,95.1,141.3,605.8,17.7,26.4,34,3.6,0.0,2.856470206220483,0.7542857142857142,747.0999999999999,63.72,0,1,0,1,0,0,0,0,0,0,0,0,0,0,0,0,0,0,0,1,0
4,4,95.1,141.3,605.8,17.7,19.4,71,7.6,0.0,3.8649313978942956,0.26944444444444443,747.0999999999999,134.51999999999998,0,1,0,1,0,0,0,0,0,0,0,0,0,0,0,0,0,0,0,1,0
4,4,95.1,141.3,605.8,17.7,20.6,58,1.3,0.0,0.0,0.3491525423728814,747.0999999999999,23.01,0,1,0,1,0,0,0,0,0,0,0,0,0,0,0,0,0,0,0,0,1
4,4,95.1,141.3,605.8,17.7,28.7,33,4.0,0.0,0.0,0.8441176470588235,747.0999999999999,70.8,0,1,0,1,0,0,0,0,0,0,0,0,0,0,0,0,0,0,0,0,1
4,4,95.8,152.0,624.1,13.8,32.4,21,4.5,0.0,0.0,1.4727272727272727,776.1,62.1,1,1,0,1,0,0,0,0,0,0,0,0,0,0,0,0,0,0,1,0,0
1,3,95.9,158.0,633.6,11.3,32.4,27,2.2,0.0,0.0,1.157142857142857,791.6,24.860000000000003,1,1,0,1,0,0,0,0,0,0,0,0,0,0,1,0,0,0,0,0,0
1,3,95.9,158.0,633.6,11.3,27.5,29,4.5,0.0,3.7914360424390283,0.9166666666666666,791.6,50.85,0,1,0,1,0,0,0,0,0,0,0,0,0,0,1,0,0,0,0,0,0
6,6,96.0,164.0,643.0,14.0,30.8,30,4.9,0.0,2.2607208888953467,0.9935483870967742,807.0,68.60000000000001,1,1,0,1,0,0,0,0,0,0,0,0,0,0,0,0,1,0,0,0,0
6,6,96.2,175.5,661.8,16.8,23.9,42,2.2,0.0,0.0,0.555813953488372,837.3,36.96000000000001,0,1,0,1,0,0,0,0,0,0,0,0,0,0,0,1,0,0,0,0,0
4,5,96.2,175.5,661.8,16.8,32.6,26,3.1,0.0,1.3270750014599193,1.2074074074074075,837.3,52.080000000000005,1,1,0,1,0,0,0,0,0,0,0,0,0,0,0,1,0,0,0,0,0
3,4,96.1,181.1,671.2,14.3,32.3,27,2.2,0.0,2.7523860149222616,1.1535714285714285,852.3000000000001,31.460000000000004,1,1,0,1,0,0,0,0,0,0,0,0,0,0,0,0,0,0,0,1,0
6,5,96.1,181.1,671.2,14.3,33.3,26,2.7,0.0,3.726656818447966,1.2333333333333332,852.3000000000001,38.61000000000001,1,1,0,1,0,0,0,0,0,0,0,0,0,0,0,0,0,0,0,1,0
7,5,96.1,181.1,671.2,14.3,27.3,63,4.9,6.4,2.469793011977952,0.4265625,852.3000000000001,70.07000000000001,0,1,0,1,0,0,0,0,0,0,0,0,0,0,0,0,0,0,0,1,0
8,6,96.1,181.1,671.2,14.3,21.6,65,4.9,0.8,0.0,0.32727272727272727,852.3000000000001,70.07000000000001,0,1,0,1,0,0,0,0,0,0,0,0,0,0,0,0,0,0,0,1,0
7,5,96.1,181.1,671.2,14.3,21.6,65,4.9,0.8,0.0,0.32727272727272727,852.3000000000001,70.07000000000001,0,1,0,1,0,0,0,0,0,0,0,0,0,0,0,0,0,0,0,1,0
4,4,96.1,181.1,671.2,14.3,20.7,69,4.9,0.4,0.0,0.2957142857142857,852.3000000000001,70.07000000000001,0,1,0,1,0,0,0,0,0,0,0,0,0,0,0,0,0,0,0,1,0
2,4,94.5,139.4,689.1,20.0,29.2,30,4.9,0.0,1.0818051703517284,0.9419354838709677,828.5,98.0,0,1,0,1,0,0,0,0,0,0,0,0,0,0,0,0,0,0,0,0,1
4,3,94.5,139.4,689.1,20.0,28.9,29,4.9,0.0,3.923753928303845,0.9633333333333333,828.5,98.0,0,1,0,1,0,0,0,0,0,0,0,0,0,0,0,0,0,0,0,0,1
1,2,91.0,163.2,744.4,10.1,26.7,35,1.8,0.0,1.916922612182061,0.7416666666666667,907.5999999999999,18.18,0,1,0,1,0,0,0,0,0,0,0,0,0,0,0,0,0,0,1,0,0
1,2,91.0,166.9,752.6,7.1,18.5,73,8.5,0.0,0.0,0.25,919.5,60.349999999999994,0,1,0,1,0,0,0,0,0,0,0,0,0,0,1,0,0,0,0,0,0
2,4,91.0,166.9,752.6,7.1,25.9,41,3.6,0.0,0.0,0.6166666666666666,919.5,25.56,0,1,0,1,0,0,0,0,0,0,0,0,0,0,1,0,0,0,0,0,0
1,2,91.0,166.9,752.6,7.1,25.9,41,3.6,0.0,0.0,0.6166666666666666,919.5,25.56,0,1,0,1,0,0,0,0,0,0,0,0,0,0,1,0,0,0,0,0,0
5,4,91.0,166.9,752.6,7.1,21.1,71,7.6,1.4,1.1537315878891892,0.29305555555555557,919.5,53.959999999999994,0,1,0,1,0,0,0,0,0,0,0,0,0,0,1,0,0,0,0,0,0
6,5,91.0,166.9,752.6,7.1,18.2,62,5.4,0.0,0.35767444427181594,0.28888888888888886,919.5,38.34,0,1,0,1,0,0,0,0,0,0,0,0,0,0,1,0,0,0,0,0,0
8,6,81.6,56.7,665.6,1.9,27.8,35,2.7,0.0,0.0,0.7722222222222223,722.3000000000001,5.13,0,1,0,1,0,0,0,0,0,0,0,0,0,0,0,0,0,1,0,0,0
4,3,81.6,56.7,665.6,1.9,27.8,32,2.7,0.0,2.0068708488450007,0.8424242424242424,722.3000000000001,5.13,0,1,0,1,0,0,0,0,0,0,0,0,0,0,0,0,0,1,0,0,0
2,4,81.6,56.7,665.6,1.9,21.9,71,5.8,0.0,4.012592060349841,0.30416666666666664,722.3000000000001,11.02,0,1,0,1,0,0,0,0,0,0,0,0,0,0,0,0,0,1,0,0,0
7,4,81.6,56.7,665.6,1.9,21.2,70,6.7,0.0,2.498151876538021,0.29859154929577464,722.3000000000001,12.73,0,1,0,1,0,0,0,0,0,0,0,0,0,0,0,0,0,1,0,0,0
1,4,94.4,146.0,614.7,11.3,25.6,42,4.0,0.0,0.0,0.5953488372093023,760.7,45.2,0,1,0,1,0,0,0,0,0,0,0,0,0,0,0,0,1,0,0,0,0
6,3,79.5,3.0,106.7,1.1,11.8,31,4.5,0.0,0.0,0.36875,109.7,4.95,0,0,0,0,0,0,0,0,0,0,0,1,0,0,0,0,0,0,0,1,0
